dataElement,period,orgUnit,categoryOptionCombo,attributeOptionCombo,value
olyDZR1zi5l,202401,ncgkwcQrfmc,pfsg37DbvRY,fpkkdSpN6kR,57
olyDZR1zi5l,202401,ncgkwcQrfmc,p1b5j5wA0Eh,fpkkdSpN6kR,185
OtDNleqPrWk,202401,ncgkwcQrfmc,kFMOXWP8bV0,fpkkdSpN6kR,58
OtDNleqPrWk,202401,ncgkwcQrfmc,tJ2u2vZJsqS,fpkkdSpN6kR,94
OtDNleqPrWk,202401,ncgkwcQrfmc,jjCwJgyZEqT,fpkkdSpN6kR,1
OtDNleqPrWk,202401,ncgkwcQrfmc,bSyului4nat,fpkkdSpN6kR,98
OtDNleqPrWk,202401,ncgkwcQrfmc,dKn4XNRrmbr,fpkkdSpN6kR,75
OtDNleqPrWk,202401,ncgkwcQrfmc,u25baY5gWPP,fpkkdSpN6kR,43
OtDNleqPrWk,202401,ncgkwcQrfmc,c3ZDrElLszm,fpkkdSpN6kR,10
froiFyRGgr4,202401,ncgkwcQrfmc,wcvVlUrzbYG,fpkkdSpN6kR,1
froiFyRGgr4,202401,ncgkwcQrfmc,tpKwyj8il3w,fpkkdSpN6kR,2
froiFyRGgr4,202401,ncgkwcQrfmc,Mwqc3GO1kId,fpkkdSpN6kR,3
froiFyRGgr4,202401,ncgkwcQrfmc,pUXn4laGtJe,fpkkdSpN6kR,1
froiFyRGgr4,202401,ncgkwcQrfmc,SmLUO99wdfb,fpkkdSpN6kR,8
froiFyRGgr4,202401,ncgkwcQrfmc,udSjk1sKgO5,fpkkdSpN6kR,3
froiFyRGgr4,202401,ncgkwcQrfmc,IzV4BuohS90,fpkkdSpN6kR,2
froiFyRGgr4,202401,ncgkwcQrfmc,US2dWooI6pT,fpkkdSpN6kR,2
froiFyRGgr4,202401,ncgkwcQrfmc,EMovAqLcbGq,fpkkdSpN6kR,1
froiFyRGgr4,202401,ncgkwcQrfmc,pdPUNjzab6h,fpkkdSpN6kR,2
froiFyRGgr4,202401,ncgkwcQrfmc,GnlieRaxUWw,fpkkdSpN6kR,1
froiFyRGgr4,202401,ncgkwcQrfmc,FZZZIfer5tA,fpkkdSpN6kR,2
froiFyRGgr4,202401,ncgkwcQrfmc,RQXs6B8Td4v,fpkkdSpN6kR,1
froiFyRGgr4,202401,ncgkwcQrfmc,tH50hwj5Neo,fpkkdSpN6kR,3
cQrBB10BGxi,202401,ncgkwcQrfmc,r53rQDrTrhz,fpkkdSpN6kR,8
cQrBB10BGxi,202401,ncgkwcQrfmc,CyDgS7Qku5m,fpkkdSpN6kR,15
cQrBB10BGxi,202401,ncgkwcQrfmc,MxVPeTmNJFu,fpkkdSpN6kR,22
tQV1pAPFOnS,202401,ncgkwcQrfmc,WpZQaeeMCKJ,fpkkdSpN6kR,13
tQV1pAPFOnS,202401,ncgkwcQrfmc,LXHZ8lSLnhy,fpkkdSpN6kR,1
tQV1pAPFOnS,202401,ncgkwcQrfmc,JfjhOSoy2hv,fpkkdSpN6kR,38
tQV1pAPFOnS,202401,ncgkwcQrfmc,GJDKN4m3n09,fpkkdSpN6kR,1
tQV1pAPFOnS,202401,ncgkwcQrfmc,qlTv99cpLl1,fpkkdSpN6kR,6
tQV1pAPFOnS,202401,ncgkwcQrfmc,zRyCuP6y1xF,fpkkdSpN6kR,16
tQV1pAPFOnS,202401,ncgkwcQrfmc,aPHyuuGpEyU,fpkkdSpN6kR,39
tQV1pAPFOnS,202401,ncgkwcQrfmc,Jrjua7wKEw0,fpkkdSpN6kR,2
tQV1pAPFOnS,202401,ncgkwcQrfmc,Yewmbepdil9,fpkkdSpN6kR,5
tQV1pAPFOnS,202401,ncgkwcQrfmc,VQgOCsEFk7W,fpkkdSpN6kR,31
tQV1pAPFOnS,202401,ncgkwcQrfmc,sLo1j5UZyiy,fpkkdSpN6kR,22
tQV1pAPFOnS,202401,ncgkwcQrfmc,QxpmYZty8XI,fpkkdSpN6kR,3
tQV1pAPFOnS,202401,ncgkwcQrfmc,EOQsGQINz9u,fpkkdSpN6kR,41
tQV1pAPFOnS,202401,ncgkwcQrfmc,MeUnnu0NrhD,fpkkdSpN6kR,16
tQV1pAPFOnS,202401,ncgkwcQrfmc,FlIPlRw7NET,fpkkdSpN6kR,2
tQV1pAPFOnS,202401,ncgkwcQrfmc,Rx6wFDeDe4q,fpkkdSpN6kR,15
tQV1pAPFOnS,202401,ncgkwcQrfmc,jpaxuokbrKx,fpkkdSpN6kR,9
tQV1pAPFOnS,202401,ncgkwcQrfmc,PTJFpdMyJtF,fpkkdSpN6kR,4
tQV1pAPFOnS,202401,ncgkwcQrfmc,c794vblk7H3,fpkkdSpN6kR,2
Amjof7m56pu,202401,ncgkwcQrfmc,cmYP9iAUxMG,fpkkdSpN6kR,1
Amjof7m56pu,202401,ncgkwcQrfmc,WKfL1KzbtpP,fpkkdSpN6kR,1
EfqaGpGUJCO,202401,ncgkwcQrfmc,r53rQDrTrhz,fpkkdSpN6kR,9
EfqaGpGUJCO,202401,ncgkwcQrfmc,CyDgS7Qku5m,fpkkdSpN6kR,56
EfqaGpGUJCO,202401,ncgkwcQrfmc,t6WozeeCDLl,fpkkdSpN6kR,15
EfqaGpGUJCO,202401,ncgkwcQrfmc,MvFho1wUKjy,fpkkdSpN6kR,5
EfqaGpGUJCO,202401,ncgkwcQrfmc,MxVPeTmNJFu,fpkkdSpN6kR,21
nmYSyuNCNOd,202401,ncgkwcQrfmc,jdxz3BPvvd9,fpkkdSpN6kR,13
nmYSyuNCNOd,202401,ncgkwcQrfmc,wagW8BmRySf,fpkkdSpN6kR,2
nmYSyuNCNOd,202401,ncgkwcQrfmc,av5SLNg5sEH,fpkkdSpN6kR,7
d66E0XfI5OY,202401,ncgkwcQrfmc,kaaNhSVIuvJ,fpkkdSpN6kR,1
d66E0XfI5OY,202401,ncgkwcQrfmc,CcntAiMGCTW,fpkkdSpN6kR,1
d66E0XfI5OY,202401,ncgkwcQrfmc,yvSKoEcGk6T,fpkkdSpN6kR,2
d66E0XfI5OY,202401,ncgkwcQrfmc,MekJGFtyL9J,fpkkdSpN6kR,2
d66E0XfI5OY,202401,ncgkwcQrfmc,iJt278Sgpgb,fpkkdSpN6kR,1
d66E0XfI5OY,202401,ncgkwcQrfmc,mfLuHDmhrtr,fpkkdSpN6kR,1
d66E0XfI5OY,202401,ncgkwcQrfmc,CCQn8051t8h,fpkkdSpN6kR,1
IntIapQAbRr,202401,ncgkwcQrfmc,AdgGYciFzHb,fpkkdSpN6kR,1
IntIapQAbRr,202401,ncgkwcQrfmc,wLqPc9Egh31,fpkkdSpN6kR,1
IntIapQAbRr,202401,ncgkwcQrfmc,ujfkVvUzkP5,fpkkdSpN6kR,16
IntIapQAbRr,202401,ncgkwcQrfmc,Z7OLIr7LYCX,fpkkdSpN6kR,2
IntIapQAbRr,202401,ncgkwcQrfmc,J1ixvs18zQa,fpkkdSpN6kR,31
IntIapQAbRr,202401,ncgkwcQrfmc,rAVCTPmo2PY,fpkkdSpN6kR,41
IntIapQAbRr,202401,ncgkwcQrfmc,Uu3Geoj4WUp,fpkkdSpN6kR,15
IntIapQAbRr,202401,ncgkwcQrfmc,QkAVl4octKZ,fpkkdSpN6kR,9
IntIapQAbRr,202401,ncgkwcQrfmc,OkzfEH5jxYJ,fpkkdSpN6kR,4
IntIapQAbRr,202401,ncgkwcQrfmc,Lq98xxMrXBm,fpkkdSpN6kR,2
yJ7drVzqQPB,202401,ncgkwcQrfmc,hVjW40l9fKN,fpkkdSpN6kR,31
yJ7drVzqQPB,202401,ncgkwcQrfmc,CZAr4NocABW,fpkkdSpN6kR,48
QvfeiPx0MfY,202401,ncgkwcQrfmc,uAhGWliw7tI,fpkkdSpN6kR,45
ZeQkbb0ieTK,202401,ncgkwcQrfmc,kFMOXWP8bV0,fpkkdSpN6kR,39
ZeQkbb0ieTK,202401,ncgkwcQrfmc,tJ2u2vZJsqS,fpkkdSpN6kR,79
ZeQkbb0ieTK,202401,ncgkwcQrfmc,jjCwJgyZEqT,fpkkdSpN6kR,1
ZeQkbb0ieTK,202401,ncgkwcQrfmc,bSyului4nat,fpkkdSpN6kR,73
ZeQkbb0ieTK,202401,ncgkwcQrfmc,dKn4XNRrmbr,fpkkdSpN6kR,40
ZeQkbb0ieTK,202401,ncgkwcQrfmc,u25baY5gWPP,fpkkdSpN6kR,23
ZeQkbb0ieTK,202401,ncgkwcQrfmc,c3ZDrElLszm,fpkkdSpN6kR,9
ZeQkbb0ieTK,202401,ncgkwcQrfmc,AGYfcRhBin5,fpkkdSpN6kR,1
rK6Q1BV8tdd,202401,ncgkwcQrfmc,g10r90Dfqno,fpkkdSpN6kR,0
rK6Q1BV8tdd,202401,ncgkwcQrfmc,Qmd2frB3e8F,fpkkdSpN6kR,0
rK6Q1BV8tdd,202401,ncgkwcQrfmc,TT9hQ7SaHea,fpkkdSpN6kR,0
rK6Q1BV8tdd,202401,ncgkwcQrfmc,nMsMRcdsXmy,fpkkdSpN6kR,0
rK6Q1BV8tdd,202401,ncgkwcQrfmc,BqGKadWCFhx,fpkkdSpN6kR,1
rK6Q1BV8tdd,202401,ncgkwcQrfmc,wcvVlUrzbYG,fpkkdSpN6kR,0
rK6Q1BV8tdd,202401,ncgkwcQrfmc,subJjGY0UcE,fpkkdSpN6kR,1
rK6Q1BV8tdd,202401,ncgkwcQrfmc,N78akNFqLex,fpkkdSpN6kR,1
rK6Q1BV8tdd,202401,ncgkwcQrfmc,tpKwyj8il3w,fpkkdSpN6kR,3
rK6Q1BV8tdd,202401,ncgkwcQrfmc,onwJ6bulsyi,fpkkdSpN6kR,0
rK6Q1BV8tdd,202401,ncgkwcQrfmc,Mwqc3GO1kId,fpkkdSpN6kR,2
rK6Q1BV8tdd,202401,ncgkwcQrfmc,pUXn4laGtJe,fpkkdSpN6kR,1
rK6Q1BV8tdd,202401,ncgkwcQrfmc,SmLUO99wdfb,fpkkdSpN6kR,3
rK6Q1BV8tdd,202401,ncgkwcQrfmc,udSjk1sKgO5,fpkkdSpN6kR,6
rK6Q1BV8tdd,202401,ncgkwcQrfmc,IzV4BuohS90,fpkkdSpN6kR,3
rK6Q1BV8tdd,202401,ncgkwcQrfmc,US2dWooI6pT,fpkkdSpN6kR,2
rK6Q1BV8tdd,202401,ncgkwcQrfmc,EMovAqLcbGq,fpkkdSpN6kR,1
rK6Q1BV8tdd,202401,ncgkwcQrfmc,pdPUNjzab6h,fpkkdSpN6kR,8
rK6Q1BV8tdd,202401,ncgkwcQrfmc,GnlieRaxUWw,fpkkdSpN6kR,1
rK6Q1BV8tdd,202401,ncgkwcQrfmc,FZZZIfer5tA,fpkkdSpN6kR,3
rK6Q1BV8tdd,202401,ncgkwcQrfmc,dwskguR0DV8,fpkkdSpN6kR,1
rK6Q1BV8tdd,202401,ncgkwcQrfmc,RQXs6B8Td4v,fpkkdSpN6kR,0
rK6Q1BV8tdd,202401,ncgkwcQrfmc,GliuFJTAsAp,fpkkdSpN6kR,3
rK6Q1BV8tdd,202401,ncgkwcQrfmc,qbzDBEJWFMB,fpkkdSpN6kR,0
rK6Q1BV8tdd,202401,ncgkwcQrfmc,RT7QsVY15yL,fpkkdSpN6kR,0
rK6Q1BV8tdd,202401,ncgkwcQrfmc,W909S6WDrZ8,fpkkdSpN6kR,0
rK6Q1BV8tdd,202401,ncgkwcQrfmc,ETwXuMGk1iE,fpkkdSpN6kR,0
rK6Q1BV8tdd,202401,ncgkwcQrfmc,nJlZC7BrpYs,fpkkdSpN6kR,0
rK6Q1BV8tdd,202401,ncgkwcQrfmc,Il7UBf5AxcH,fpkkdSpN6kR,0
rK6Q1BV8tdd,202401,ncgkwcQrfmc,TSt8KAsSu0I,fpkkdSpN6kR,0
Dj5cRBdnha3,202401,ncgkwcQrfmc,ROA8MC4J8mU,fpkkdSpN6kR,102
Dj5cRBdnha3,202401,ncgkwcQrfmc,rre3xx77UJ0,fpkkdSpN6kR,36
Dj5cRBdnha3,202401,ncgkwcQrfmc,tqzCHAbgHlx,fpkkdSpN6kR,145
Dj5cRBdnha3,202401,ncgkwcQrfmc,af5Pl7J1Wdr,fpkkdSpN6kR,4
tMJHXpTC8lJ,202401,ncgkwcQrfmc,g10r90Dfqno,fpkkdSpN6kR,0
tMJHXpTC8lJ,202401,ncgkwcQrfmc,Qmd2frB3e8F,fpkkdSpN6kR,0
tMJHXpTC8lJ,202401,ncgkwcQrfmc,TT9hQ7SaHea,fpkkdSpN6kR,2
tMJHXpTC8lJ,202401,ncgkwcQrfmc,nMsMRcdsXmy,fpkkdSpN6kR,0
tMJHXpTC8lJ,202401,ncgkwcQrfmc,BqGKadWCFhx,fpkkdSpN6kR,8
tMJHXpTC8lJ,202401,ncgkwcQrfmc,wcvVlUrzbYG,fpkkdSpN6kR,3
tMJHXpTC8lJ,202401,ncgkwcQrfmc,subJjGY0UcE,fpkkdSpN6kR,10
tMJHXpTC8lJ,202401,ncgkwcQrfmc,N78akNFqLex,fpkkdSpN6kR,5
tMJHXpTC8lJ,202401,ncgkwcQrfmc,tpKwyj8il3w,fpkkdSpN6kR,20
tMJHXpTC8lJ,202401,ncgkwcQrfmc,onwJ6bulsyi,fpkkdSpN6kR,9
tMJHXpTC8lJ,202401,ncgkwcQrfmc,Mwqc3GO1kId,fpkkdSpN6kR,72
tMJHXpTC8lJ,202401,ncgkwcQrfmc,pUXn4laGtJe,fpkkdSpN6kR,36
tMJHXpTC8lJ,202401,ncgkwcQrfmc,SmLUO99wdfb,fpkkdSpN6kR,60
tMJHXpTC8lJ,202401,ncgkwcQrfmc,udSjk1sKgO5,fpkkdSpN6kR,41
tMJHXpTC8lJ,202401,ncgkwcQrfmc,IzV4BuohS90,fpkkdSpN6kR,90
tMJHXpTC8lJ,202401,ncgkwcQrfmc,US2dWooI6pT,fpkkdSpN6kR,60
tMJHXpTC8lJ,202401,ncgkwcQrfmc,EMovAqLcbGq,fpkkdSpN6kR,150
tMJHXpTC8lJ,202401,ncgkwcQrfmc,pdPUNjzab6h,fpkkdSpN6kR,69
tMJHXpTC8lJ,202401,ncgkwcQrfmc,GnlieRaxUWw,fpkkdSpN6kR,130
tMJHXpTC8lJ,202401,ncgkwcQrfmc,FZZZIfer5tA,fpkkdSpN6kR,77
tMJHXpTC8lJ,202401,ncgkwcQrfmc,dwskguR0DV8,fpkkdSpN6kR,7
tMJHXpTC8lJ,202401,ncgkwcQrfmc,RQXs6B8Td4v,fpkkdSpN6kR,0
tMJHXpTC8lJ,202401,ncgkwcQrfmc,GliuFJTAsAp,fpkkdSpN6kR,29
tMJHXpTC8lJ,202401,ncgkwcQrfmc,qbzDBEJWFMB,fpkkdSpN6kR,37
tMJHXpTC8lJ,202401,ncgkwcQrfmc,RT7QsVY15yL,fpkkdSpN6kR,46
tMJHXpTC8lJ,202401,ncgkwcQrfmc,W909S6WDrZ8,fpkkdSpN6kR,30
tMJHXpTC8lJ,202401,ncgkwcQrfmc,ETwXuMGk1iE,fpkkdSpN6kR,30
tMJHXpTC8lJ,202401,ncgkwcQrfmc,nJlZC7BrpYs,fpkkdSpN6kR,0
tMJHXpTC8lJ,202401,ncgkwcQrfmc,Il7UBf5AxcH,fpkkdSpN6kR,70
Dg1bwchgXcv,202401,ncgkwcQrfmc,oZ7oxWxyZx0,fpkkdSpN6kR,11
Dg1bwchgXcv,202401,ncgkwcQrfmc,mgelDU8xoWc,fpkkdSpN6kR,4
Dg1bwchgXcv,202401,ncgkwcQrfmc,bbMjQb1XnMN,fpkkdSpN6kR,2
Dg1bwchgXcv,202401,ncgkwcQrfmc,IvIMfo7Gu8K,fpkkdSpN6kR,135
Dg1bwchgXcv,202401,ncgkwcQrfmc,C0gOMOHkr4M,fpkkdSpN6kR,255
Dg1bwchgXcv,202401,ncgkwcQrfmc,mKRpyEAXEX5,fpkkdSpN6kR,1
Dg1bwchgXcv,202401,ncgkwcQrfmc,OzOBIqBIylk,fpkkdSpN6kR,48
Dg1bwchgXcv,202401,ncgkwcQrfmc,xC0Bev6VL9W,fpkkdSpN6kR,1
Dg1bwchgXcv,202401,ncgkwcQrfmc,DUpTfeDojlc,fpkkdSpN6kR,49
Dg1bwchgXcv,202401,ncgkwcQrfmc,tff9UIWRege,fpkkdSpN6kR,154
Dg1bwchgXcv,202401,ncgkwcQrfmc,CGAROciU598,fpkkdSpN6kR,12
Dg1bwchgXcv,202401,ncgkwcQrfmc,eyINJfVE1JN,fpkkdSpN6kR,2
Dg1bwchgXcv,202401,ncgkwcQrfmc,dIXDXFZ3QHJ,fpkkdSpN6kR,1
Dg1bwchgXcv,202401,ncgkwcQrfmc,AbJmYmRFrjB,fpkkdSpN6kR,2
Dg1bwchgXcv,202401,ncgkwcQrfmc,IFCTPpLffYI,fpkkdSpN6kR,4
Dg1bwchgXcv,202401,ncgkwcQrfmc,k8HejSw4xse,fpkkdSpN6kR,1
Dg1bwchgXcv,202401,ncgkwcQrfmc,AaEnWZ7F7VL,fpkkdSpN6kR,177
Dg1bwchgXcv,202401,ncgkwcQrfmc,Zzw4bzbXIBm,fpkkdSpN6kR,151
Dg1bwchgXcv,202401,ncgkwcQrfmc,yndRUumajRM,fpkkdSpN6kR,4
Dg1bwchgXcv,202401,ncgkwcQrfmc,OInn7NT9hvZ,fpkkdSpN6kR,2
Dg1bwchgXcv,202401,ncgkwcQrfmc,ay1MFcxer0v,fpkkdSpN6kR,47
Dg1bwchgXcv,202401,ncgkwcQrfmc,s9ULZSIftQ0,fpkkdSpN6kR,23
Dg1bwchgXcv,202401,ncgkwcQrfmc,iHgQ0uqKPbO,fpkkdSpN6kR,2
Dg1bwchgXcv,202401,ncgkwcQrfmc,UHNRYz6tXRF,fpkkdSpN6kR,6
Dg1bwchgXcv,202401,ncgkwcQrfmc,VU7VF5FZfSu,fpkkdSpN6kR,79
Dg1bwchgXcv,202401,ncgkwcQrfmc,Aq0EOSQ2KEk,fpkkdSpN6kR,1
Dg1bwchgXcv,202401,ncgkwcQrfmc,bOMHq9tVShh,fpkkdSpN6kR,275
Dg1bwchgXcv,202401,ncgkwcQrfmc,etcu0kut3Ez,fpkkdSpN6kR,1
Dg1bwchgXcv,202401,ncgkwcQrfmc,xaozVLLEwhS,fpkkdSpN6kR,21
Dg1bwchgXcv,202401,ncgkwcQrfmc,sVwmzNdf9DY,fpkkdSpN6kR,4
Dg1bwchgXcv,202401,ncgkwcQrfmc,gfnhhtdqDcG,fpkkdSpN6kR,280
Dg1bwchgXcv,202401,ncgkwcQrfmc,EDtwVcOEDcA,fpkkdSpN6kR,301
Dg1bwchgXcv,202401,ncgkwcQrfmc,oZv8BkOLRcU,fpkkdSpN6kR,4
Dg1bwchgXcv,202401,ncgkwcQrfmc,ms6Sod3ziv8,fpkkdSpN6kR,1
Dg1bwchgXcv,202401,ncgkwcQrfmc,O2pU6T4d4Sf,fpkkdSpN6kR,53
Dg1bwchgXcv,202401,ncgkwcQrfmc,ILrydJ85YJS,fpkkdSpN6kR,4
Dg1bwchgXcv,202401,ncgkwcQrfmc,GxN6BRrf6Ov,fpkkdSpN6kR,5
Dg1bwchgXcv,202401,ncgkwcQrfmc,uxHmHucHKGb,fpkkdSpN6kR,1
Dg1bwchgXcv,202401,ncgkwcQrfmc,MSKJRNQXjDW,fpkkdSpN6kR,6
Dg1bwchgXcv,202401,ncgkwcQrfmc,yjCmYub9dID,fpkkdSpN6kR,201
Dg1bwchgXcv,202401,ncgkwcQrfmc,Uv6BeIxBUN7,fpkkdSpN6kR,3
Dg1bwchgXcv,202401,ncgkwcQrfmc,zUIRAoMAzuQ,fpkkdSpN6kR,4
Dg1bwchgXcv,202401,ncgkwcQrfmc,B5N2v6Og8eG,fpkkdSpN6kR,1
Dg1bwchgXcv,202401,ncgkwcQrfmc,mTxMT3Y5trS,fpkkdSpN6kR,1
Dg1bwchgXcv,202401,ncgkwcQrfmc,je70Y4mwfeH,fpkkdSpN6kR,15
Dg1bwchgXcv,202401,ncgkwcQrfmc,zYvsodEuuYI,fpkkdSpN6kR,2
Dg1bwchgXcv,202401,ncgkwcQrfmc,wFsxUJ2zqMg,fpkkdSpN6kR,2
Dg1bwchgXcv,202401,ncgkwcQrfmc,RHXP0OodNsP,fpkkdSpN6kR,172
Dg1bwchgXcv,202401,ncgkwcQrfmc,rtxhT8jl1iL,fpkkdSpN6kR,1
Dg1bwchgXcv,202401,ncgkwcQrfmc,FaZnRzSDRPe,fpkkdSpN6kR,24
Dg1bwchgXcv,202401,ncgkwcQrfmc,ehoqfKjV18e,fpkkdSpN6kR,71
Dg1bwchgXcv,202401,ncgkwcQrfmc,HExCd9azLW2,fpkkdSpN6kR,12
Dg1bwchgXcv,202401,ncgkwcQrfmc,TvsBVyf2X3q,fpkkdSpN6kR,1
Dg1bwchgXcv,202401,ncgkwcQrfmc,E8PNpOQl9JV,fpkkdSpN6kR,19
Dg1bwchgXcv,202401,ncgkwcQrfmc,ulPSlk8oGoI,fpkkdSpN6kR,102
Dg1bwchgXcv,202401,ncgkwcQrfmc,yvg5HP4o1Sc,fpkkdSpN6kR,3
Dg1bwchgXcv,202401,ncgkwcQrfmc,W0TuhwXF3eg,fpkkdSpN6kR,3
Dg1bwchgXcv,202401,ncgkwcQrfmc,aAe15Ila9pn,fpkkdSpN6kR,11
Dg1bwchgXcv,202401,ncgkwcQrfmc,HOmStKrIQCa,fpkkdSpN6kR,18
Dg1bwchgXcv,202401,ncgkwcQrfmc,KP84if89XLQ,fpkkdSpN6kR,104
Dg1bwchgXcv,202401,ncgkwcQrfmc,I9nEKhvqnbJ,fpkkdSpN6kR,1
Dg1bwchgXcv,202401,ncgkwcQrfmc,bZ4Zez3iyg7,fpkkdSpN6kR,11
Dg1bwchgXcv,202401,ncgkwcQrfmc,JfbkAmVrFDu,fpkkdSpN6kR,27
Dg1bwchgXcv,202401,ncgkwcQrfmc,SWRkdHUURX2,fpkkdSpN6kR,2
C7r1FpZbL9g,202401,ncgkwcQrfmc,F46kLtqF0EJ,fpkkdSpN6kR,142
C7r1FpZbL9g,202401,ncgkwcQrfmc,wxKVU8ovG0R,fpkkdSpN6kR,55
C7r1FpZbL9g,202401,ncgkwcQrfmc,hc1XYQB1CS5,fpkkdSpN6kR,25
C7r1FpZbL9g,202401,ncgkwcQrfmc,dTiNou0rI1s,fpkkdSpN6kR,11
C7r1FpZbL9g,202401,ncgkwcQrfmc,GkXlu22tLRl,fpkkdSpN6kR,3
C7r1FpZbL9g,202401,ncgkwcQrfmc,q82vuhMMuWf,fpkkdSpN6kR,2
C7r1FpZbL9g,202401,ncgkwcQrfmc,KvTnKrEopN4,fpkkdSpN6kR,2
C7r1FpZbL9g,202401,ncgkwcQrfmc,fL6PlBgCiIo,fpkkdSpN6kR,2
Rvas3fOylvm,202401,ncgkwcQrfmc,WPNw0kpjhkn,fpkkdSpN6kR,1
Rvas3fOylvm,202401,ncgkwcQrfmc,yvSKoEcGk6T,fpkkdSpN6kR,1
Rvas3fOylvm,202401,ncgkwcQrfmc,MekJGFtyL9J,fpkkdSpN6kR,1
Rvas3fOylvm,202401,ncgkwcQrfmc,bg2qwTLbusX,fpkkdSpN6kR,1
Rvas3fOylvm,202401,ncgkwcQrfmc,mfLuHDmhrtr,fpkkdSpN6kR,1
Rvas3fOylvm,202401,ncgkwcQrfmc,CCQn8051t8h,fpkkdSpN6kR,1
Rvas3fOylvm,202401,ncgkwcQrfmc,dw5rlrUzaEi,fpkkdSpN6kR,1
GqvLNGO2N4S,202401,ncgkwcQrfmc,pQCbt5vZJU6,fpkkdSpN6kR,88
GqvLNGO2N4S,202401,ncgkwcQrfmc,Djfjl5w2a8i,fpkkdSpN6kR,151
GqvLNGO2N4S,202401,ncgkwcQrfmc,iey8yzgTAJi,fpkkdSpN6kR,101
kYXxzX3LRco,202401,ncgkwcQrfmc,pX5oTzxd5a1,fpkkdSpN6kR,1
kYXxzX3LRco,202401,ncgkwcQrfmc,bd1KMZi5xGP,fpkkdSpN6kR,4
kYXxzX3LRco,202401,ncgkwcQrfmc,V8n9nFJCVrP,fpkkdSpN6kR,1
kYXxzX3LRco,202401,ncgkwcQrfmc,xAKcYjdnln1,fpkkdSpN6kR,2
kYXxzX3LRco,202401,ncgkwcQrfmc,UFW6vhfa721,fpkkdSpN6kR,3
kYXxzX3LRco,202401,ncgkwcQrfmc,sMwiNAGrIxc,fpkkdSpN6kR,1
kYXxzX3LRco,202401,ncgkwcQrfmc,IRa9XRMCR4e,fpkkdSpN6kR,2
kYXxzX3LRco,202401,ncgkwcQrfmc,bIPpHncIrhW,fpkkdSpN6kR,1
kYXxzX3LRco,202401,ncgkwcQrfmc,M0hPgTGwxBl,fpkkdSpN6kR,1
t19Fm8YINHa,202401,ncgkwcQrfmc,WiscuW42lul,fpkkdSpN6kR,2
t19Fm8YINHa,202401,ncgkwcQrfmc,GwHbeToutkZ,fpkkdSpN6kR,1
t19Fm8YINHa,202401,ncgkwcQrfmc,NvnVh6rpcI5,fpkkdSpN6kR,3
t19Fm8YINHa,202401,ncgkwcQrfmc,fIs20Ikp97F,fpkkdSpN6kR,1
t19Fm8YINHa,202401,ncgkwcQrfmc,EWdgYWJhZWH,fpkkdSpN6kR,3
t19Fm8YINHa,202401,ncgkwcQrfmc,kaaNhSVIuvJ,fpkkdSpN6kR,3
t19Fm8YINHa,202401,ncgkwcQrfmc,WPNw0kpjhkn,fpkkdSpN6kR,7
t19Fm8YINHa,202401,ncgkwcQrfmc,CcntAiMGCTW,fpkkdSpN6kR,6
t19Fm8YINHa,202401,ncgkwcQrfmc,yvSKoEcGk6T,fpkkdSpN6kR,3
t19Fm8YINHa,202401,ncgkwcQrfmc,MekJGFtyL9J,fpkkdSpN6kR,7
t19Fm8YINHa,202401,ncgkwcQrfmc,iJt278Sgpgb,fpkkdSpN6kR,3
t19Fm8YINHa,202401,ncgkwcQrfmc,bg2qwTLbusX,fpkkdSpN6kR,9
t19Fm8YINHa,202401,ncgkwcQrfmc,mfLuHDmhrtr,fpkkdSpN6kR,1
t19Fm8YINHa,202401,ncgkwcQrfmc,lnSNvuTP3lG,fpkkdSpN6kR,2
t19Fm8YINHa,202401,ncgkwcQrfmc,G5sYGWBFrrD,fpkkdSpN6kR,3
t19Fm8YINHa,202401,ncgkwcQrfmc,CCQn8051t8h,fpkkdSpN6kR,4
t19Fm8YINHa,202401,ncgkwcQrfmc,islw5hzCeWm,fpkkdSpN6kR,1
t19Fm8YINHa,202401,ncgkwcQrfmc,EJE5cMdSrPj,fpkkdSpN6kR,1
t19Fm8YINHa,202401,ncgkwcQrfmc,PF0cEputKnO,fpkkdSpN6kR,1
t19Fm8YINHa,202401,ncgkwcQrfmc,Z2PVBHpKQhV,fpkkdSpN6kR,1
t19Fm8YINHa,202401,ncgkwcQrfmc,VTMiZro2DG8,fpkkdSpN6kR,6
t19Fm8YINHa,202401,ncgkwcQrfmc,RdixCALkmzj,fpkkdSpN6kR,1
zHDEemi6gir,202401,ncgkwcQrfmc,nvW4jGaOGQf,fpkkdSpN6kR,1
zHDEemi6gir,202401,ncgkwcQrfmc,boCVBaEsB5r,fpkkdSpN6kR,2
zHDEemi6gir,202401,ncgkwcQrfmc,RvkyfBN3dif,fpkkdSpN6kR,2
zHDEemi6gir,202401,ncgkwcQrfmc,S5i8LARZL98,fpkkdSpN6kR,1
zHDEemi6gir,202401,ncgkwcQrfmc,TESUHQ1ho92,fpkkdSpN6kR,1
zHDEemi6gir,202401,ncgkwcQrfmc,aETIHgcVEi8,fpkkdSpN6kR,5
zHDEemi6gir,202401,ncgkwcQrfmc,Pw2yzz0TWtD,fpkkdSpN6kR,4
zHDEemi6gir,202401,ncgkwcQrfmc,ON7VaROLbc1,fpkkdSpN6kR,2
zHDEemi6gir,202401,ncgkwcQrfmc,ZypzKmoAeLw,fpkkdSpN6kR,2
zHDEemi6gir,202401,ncgkwcQrfmc,y6sdaf5Fh4A,fpkkdSpN6kR,16
zHDEemi6gir,202401,ncgkwcQrfmc,hSccl7QhD2P,fpkkdSpN6kR,4
zHDEemi6gir,202401,ncgkwcQrfmc,TfXBpFmaupS,fpkkdSpN6kR,3
zHDEemi6gir,202401,ncgkwcQrfmc,QCmttUP00Oi,fpkkdSpN6kR,6
zHDEemi6gir,202401,ncgkwcQrfmc,HECu5izRmAL,fpkkdSpN6kR,14
zHDEemi6gir,202401,ncgkwcQrfmc,C1AFUJA0Ckq,fpkkdSpN6kR,6
zHDEemi6gir,202401,ncgkwcQrfmc,MG1V9VQpQpy,fpkkdSpN6kR,3
zHDEemi6gir,202401,ncgkwcQrfmc,c9q7b4Vgedh,fpkkdSpN6kR,12
zHDEemi6gir,202401,ncgkwcQrfmc,T7qMphH0lN7,fpkkdSpN6kR,9
zHDEemi6gir,202401,ncgkwcQrfmc,veR7mGp0C4m,fpkkdSpN6kR,4
zHDEemi6gir,202401,ncgkwcQrfmc,y90B361EZB2,fpkkdSpN6kR,5
zHDEemi6gir,202401,ncgkwcQrfmc,ZTJVWesRsTC,fpkkdSpN6kR,12
zHDEemi6gir,202401,ncgkwcQrfmc,oSg4vrNsBWu,fpkkdSpN6kR,8
zHDEemi6gir,202401,ncgkwcQrfmc,TQyWdAnDMC9,fpkkdSpN6kR,7
zHDEemi6gir,202401,ncgkwcQrfmc,DltANXMXQrG,fpkkdSpN6kR,2
zHDEemi6gir,202401,ncgkwcQrfmc,QwtCAo9A0kt,fpkkdSpN6kR,10
zHDEemi6gir,202401,ncgkwcQrfmc,Firc4raxGrW,fpkkdSpN6kR,3
zHDEemi6gir,202401,ncgkwcQrfmc,C7x2xjZUKX5,fpkkdSpN6kR,13
zHDEemi6gir,202401,ncgkwcQrfmc,x4Lrk7cYkKL,fpkkdSpN6kR,3
zHDEemi6gir,202401,ncgkwcQrfmc,pG0DcmRQSpl,fpkkdSpN6kR,8
zHDEemi6gir,202401,ncgkwcQrfmc,XNwpsOtZqZ7,fpkkdSpN6kR,7
zHDEemi6gir,202401,ncgkwcQrfmc,UHhkBEuP3dM,fpkkdSpN6kR,1
zHDEemi6gir,202401,ncgkwcQrfmc,eWZ9pLuoud6,fpkkdSpN6kR,1
zHDEemi6gir,202401,ncgkwcQrfmc,HHNIVEQ5nuS,fpkkdSpN6kR,4
zHDEemi6gir,202401,ncgkwcQrfmc,dEzyvJbZDB3,fpkkdSpN6kR,15
zHDEemi6gir,202401,ncgkwcQrfmc,s9S6rnxbEJX,fpkkdSpN6kR,11
VKmsufA0phT,202401,ncgkwcQrfmc,Pw2yzz0TWtD,fpkkdSpN6kR,1
VKmsufA0phT,202401,ncgkwcQrfmc,ON7VaROLbc1,fpkkdSpN6kR,1
VKmsufA0phT,202401,ncgkwcQrfmc,TfXBpFmaupS,fpkkdSpN6kR,1
VKmsufA0phT,202401,ncgkwcQrfmc,QCmttUP00Oi,fpkkdSpN6kR,4
VKmsufA0phT,202401,ncgkwcQrfmc,C1AFUJA0Ckq,fpkkdSpN6kR,1
VKmsufA0phT,202401,ncgkwcQrfmc,MG1V9VQpQpy,fpkkdSpN6kR,2
VKmsufA0phT,202401,ncgkwcQrfmc,c9q7b4Vgedh,fpkkdSpN6kR,3
VKmsufA0phT,202401,ncgkwcQrfmc,veR7mGp0C4m,fpkkdSpN6kR,1
VKmsufA0phT,202401,ncgkwcQrfmc,y90B361EZB2,fpkkdSpN6kR,3
VKmsufA0phT,202401,ncgkwcQrfmc,ZTJVWesRsTC,fpkkdSpN6kR,1
VKmsufA0phT,202401,ncgkwcQrfmc,TQyWdAnDMC9,fpkkdSpN6kR,3
VKmsufA0phT,202401,ncgkwcQrfmc,DltANXMXQrG,fpkkdSpN6kR,1
VKmsufA0phT,202401,ncgkwcQrfmc,QwtCAo9A0kt,fpkkdSpN6kR,1
VKmsufA0phT,202401,ncgkwcQrfmc,pG0DcmRQSpl,fpkkdSpN6kR,1
VKmsufA0phT,202401,ncgkwcQrfmc,WqJbrPSR8Fw,fpkkdSpN6kR,1
VKmsufA0phT,202401,ncgkwcQrfmc,XNwpsOtZqZ7,fpkkdSpN6kR,3
VKmsufA0phT,202401,ncgkwcQrfmc,BmlSaWMlA5u,fpkkdSpN6kR,1
VKmsufA0phT,202401,ncgkwcQrfmc,v6VP5GxZ9GF,fpkkdSpN6kR,1
PUY7p8wWwQk,202401,ncgkwcQrfmc,hVjW40l9fKN,fpkkdSpN6kR,31
PUY7p8wWwQk,202401,ncgkwcQrfmc,CZAr4NocABW,fpkkdSpN6kR,50
N05oh4kkVGy,202401,ncgkwcQrfmc,wHgxq0DpMGE,fpkkdSpN6kR,1
Wz6n4uUP0DN,202401,ncgkwcQrfmc,m9LDkfsSydF,fpkkdSpN6kR,260
Wz6n4uUP0DN,202401,ncgkwcQrfmc,WiscuW42lul,fpkkdSpN6kR,284
Wz6n4uUP0DN,202401,ncgkwcQrfmc,MutpGhbb5F9,fpkkdSpN6kR,439
Wz6n4uUP0DN,202401,ncgkwcQrfmc,GwHbeToutkZ,fpkkdSpN6kR,548
Wz6n4uUP0DN,202401,ncgkwcQrfmc,XvUu05sFvmb,fpkkdSpN6kR,326
Wz6n4uUP0DN,202401,ncgkwcQrfmc,NvnVh6rpcI5,fpkkdSpN6kR,310
Wz6n4uUP0DN,202401,ncgkwcQrfmc,fIs20Ikp97F,fpkkdSpN6kR,432
Wz6n4uUP0DN,202401,ncgkwcQrfmc,EWdgYWJhZWH,fpkkdSpN6kR,372
Wz6n4uUP0DN,202401,ncgkwcQrfmc,gKLqg6TwA3D,fpkkdSpN6kR,905
Wz6n4uUP0DN,202401,ncgkwcQrfmc,kaaNhSVIuvJ,fpkkdSpN6kR,659
Wz6n4uUP0DN,202401,ncgkwcQrfmc,WPNw0kpjhkn,fpkkdSpN6kR,945
Wz6n4uUP0DN,202401,ncgkwcQrfmc,CcntAiMGCTW,fpkkdSpN6kR,797
Wz6n4uUP0DN,202401,ncgkwcQrfmc,yvSKoEcGk6T,fpkkdSpN6kR,680
Wz6n4uUP0DN,202401,ncgkwcQrfmc,MekJGFtyL9J,fpkkdSpN6kR,559
Wz6n4uUP0DN,202401,ncgkwcQrfmc,iJt278Sgpgb,fpkkdSpN6kR,410
Wz6n4uUP0DN,202401,ncgkwcQrfmc,bg2qwTLbusX,fpkkdSpN6kR,398
Wz6n4uUP0DN,202401,ncgkwcQrfmc,mfLuHDmhrtr,fpkkdSpN6kR,400
Wz6n4uUP0DN,202401,ncgkwcQrfmc,lnSNvuTP3lG,fpkkdSpN6kR,294
Wz6n4uUP0DN,202401,ncgkwcQrfmc,G5sYGWBFrrD,fpkkdSpN6kR,325
Wz6n4uUP0DN,202401,ncgkwcQrfmc,CCQn8051t8h,fpkkdSpN6kR,258
Wz6n4uUP0DN,202401,ncgkwcQrfmc,nzmXSFdY50K,fpkkdSpN6kR,300
Wz6n4uUP0DN,202401,ncgkwcQrfmc,kHzSZh6TpVf,fpkkdSpN6kR,324
Wz6n4uUP0DN,202401,ncgkwcQrfmc,n9rPd1u08uk,fpkkdSpN6kR,55
Wz6n4uUP0DN,202401,ncgkwcQrfmc,dw5rlrUzaEi,fpkkdSpN6kR,34
GLyhfCq1gZT,202401,ncgkwcQrfmc,M7z6gPtIyL4,fpkkdSpN6kR,2
GLyhfCq1gZT,202401,ncgkwcQrfmc,xcAi1VhdRRH,fpkkdSpN6kR,1
GLyhfCq1gZT,202401,ncgkwcQrfmc,KyuebmrlGpz,fpkkdSpN6kR,1
GLyhfCq1gZT,202401,ncgkwcQrfmc,X7CMEO9JOMO,fpkkdSpN6kR,1
GLyhfCq1gZT,202401,ncgkwcQrfmc,XYrVHcKhLor,fpkkdSpN6kR,1
GLyhfCq1gZT,202401,ncgkwcQrfmc,bW4Qs6HW26z,fpkkdSpN6kR,1
GLyhfCq1gZT,202401,ncgkwcQrfmc,KuVIz3TpTZd,fpkkdSpN6kR,1
GLyhfCq1gZT,202401,ncgkwcQrfmc,oeEgr8lU5jJ,fpkkdSpN6kR,1
GLyhfCq1gZT,202401,ncgkwcQrfmc,IjIK1bZ1UXV,fpkkdSpN6kR,1
GLyhfCq1gZT,202401,ncgkwcQrfmc,Vx1w4dBpqCy,fpkkdSpN6kR,1
jEbHHSdT0sb,202401,ncgkwcQrfmc,WPNw0kpjhkn,fpkkdSpN6kR,1
jEbHHSdT0sb,202401,ncgkwcQrfmc,yvSKoEcGk6T,fpkkdSpN6kR,1
jEbHHSdT0sb,202401,ncgkwcQrfmc,MekJGFtyL9J,fpkkdSpN6kR,1
jEbHHSdT0sb,202401,ncgkwcQrfmc,bg2qwTLbusX,fpkkdSpN6kR,1
jEbHHSdT0sb,202401,ncgkwcQrfmc,mfLuHDmhrtr,fpkkdSpN6kR,1
jEbHHSdT0sb,202401,ncgkwcQrfmc,CCQn8051t8h,fpkkdSpN6kR,1
jEbHHSdT0sb,202401,ncgkwcQrfmc,dw5rlrUzaEi,fpkkdSpN6kR,1
LxKPBsH7WeN,202401,ncgkwcQrfmc,gKLqg6TwA3D,fpkkdSpN6kR,11
LxKPBsH7WeN,202401,ncgkwcQrfmc,WPNw0kpjhkn,fpkkdSpN6kR,4
LxKPBsH7WeN,202401,ncgkwcQrfmc,yvSKoEcGk6T,fpkkdSpN6kR,7
LxKPBsH7WeN,202401,ncgkwcQrfmc,iJt278Sgpgb,fpkkdSpN6kR,7
Ot61JBjqBT3,202401,ncgkwcQrfmc,S5i8LARZL98,fpkkdSpN6kR,1
Ot61JBjqBT3,202401,ncgkwcQrfmc,TESUHQ1ho92,fpkkdSpN6kR,1
Ot61JBjqBT3,202401,ncgkwcQrfmc,Pw2yzz0TWtD,fpkkdSpN6kR,3
Ot61JBjqBT3,202401,ncgkwcQrfmc,y6sdaf5Fh4A,fpkkdSpN6kR,21
Ot61JBjqBT3,202401,ncgkwcQrfmc,TfXBpFmaupS,fpkkdSpN6kR,1
Ot61JBjqBT3,202401,ncgkwcQrfmc,HECu5izRmAL,fpkkdSpN6kR,10
Ot61JBjqBT3,202401,ncgkwcQrfmc,MG1V9VQpQpy,fpkkdSpN6kR,5
Ot61JBjqBT3,202401,ncgkwcQrfmc,T7qMphH0lN7,fpkkdSpN6kR,4
Ot61JBjqBT3,202401,ncgkwcQrfmc,y90B361EZB2,fpkkdSpN6kR,14
Ot61JBjqBT3,202401,ncgkwcQrfmc,oSg4vrNsBWu,fpkkdSpN6kR,5
Ot61JBjqBT3,202401,ncgkwcQrfmc,DltANXMXQrG,fpkkdSpN6kR,6
Ot61JBjqBT3,202401,ncgkwcQrfmc,Firc4raxGrW,fpkkdSpN6kR,4
Ot61JBjqBT3,202401,ncgkwcQrfmc,x4Lrk7cYkKL,fpkkdSpN6kR,3
Ot61JBjqBT3,202401,ncgkwcQrfmc,WqJbrPSR8Fw,fpkkdSpN6kR,1
Ot61JBjqBT3,202401,ncgkwcQrfmc,UHhkBEuP3dM,fpkkdSpN6kR,3
Ot61JBjqBT3,202401,ncgkwcQrfmc,V4tCQIkc2Tf,fpkkdSpN6kR,1
nTqpQ27x5LM,202401,ncgkwcQrfmc,CcntAiMGCTW,fpkkdSpN6kR,1
nTqpQ27x5LM,202401,ncgkwcQrfmc,G5sYGWBFrrD,fpkkdSpN6kR,1
x03Q7JAnqZh,202401,ncgkwcQrfmc,gMspoUnxbyt,fpkkdSpN6kR,19
x03Q7JAnqZh,202401,ncgkwcQrfmc,KiOIx4Ym24s,fpkkdSpN6kR,3
x03Q7JAnqZh,202401,ncgkwcQrfmc,nIOdFV5DJmY,fpkkdSpN6kR,17
x03Q7JAnqZh,202401,ncgkwcQrfmc,RM214MpiOwz,fpkkdSpN6kR,1
x03Q7JAnqZh,202401,ncgkwcQrfmc,eGpJI880gz6,fpkkdSpN6kR,8
x03Q7JAnqZh,202401,ncgkwcQrfmc,uUVwMxj1YFt,fpkkdSpN6kR,9
x03Q7JAnqZh,202401,ncgkwcQrfmc,taSUOOT0ooh,fpkkdSpN6kR,30
x03Q7JAnqZh,202401,ncgkwcQrfmc,q3tMo5lerJk,fpkkdSpN6kR,16
x03Q7JAnqZh,202401,ncgkwcQrfmc,xqrQczzfp1n,fpkkdSpN6kR,2
x03Q7JAnqZh,202401,ncgkwcQrfmc,HI03qIVvZT5,fpkkdSpN6kR,3
x03Q7JAnqZh,202401,ncgkwcQrfmc,nnKnUmBHjbs,fpkkdSpN6kR,3
x03Q7JAnqZh,202401,ncgkwcQrfmc,INcaqzixI1q,fpkkdSpN6kR,1
x03Q7JAnqZh,202401,ncgkwcQrfmc,igrlQgyns40,fpkkdSpN6kR,4
x03Q7JAnqZh,202401,ncgkwcQrfmc,CtAoPANU64c,fpkkdSpN6kR,5
x03Q7JAnqZh,202401,ncgkwcQrfmc,vJcIc9ZtalE,fpkkdSpN6kR,3
x03Q7JAnqZh,202401,ncgkwcQrfmc,FF2XUEBQANe,fpkkdSpN6kR,1
x03Q7JAnqZh,202401,ncgkwcQrfmc,VCQQAyHwWXY,fpkkdSpN6kR,5
x03Q7JAnqZh,202401,ncgkwcQrfmc,lyIsBkQoyWy,fpkkdSpN6kR,1
x03Q7JAnqZh,202401,ncgkwcQrfmc,NhRfJ5yaWZa,fpkkdSpN6kR,1
x03Q7JAnqZh,202401,ncgkwcQrfmc,d6NaFSeX9pc,fpkkdSpN6kR,3
x03Q7JAnqZh,202401,ncgkwcQrfmc,nql93euNLC3,fpkkdSpN6kR,9
x03Q7JAnqZh,202401,ncgkwcQrfmc,vHpQCUv36Er,fpkkdSpN6kR,8
x03Q7JAnqZh,202401,ncgkwcQrfmc,kIxaLpUPnv4,fpkkdSpN6kR,4
x03Q7JAnqZh,202401,ncgkwcQrfmc,mBEMRI69nnO,fpkkdSpN6kR,3
x03Q7JAnqZh,202401,ncgkwcQrfmc,CS52F4RIPDs,fpkkdSpN6kR,1
x03Q7JAnqZh,202401,ncgkwcQrfmc,wxf4cDJrFm1,fpkkdSpN6kR,2
DrZt7895mtB,202401,ncgkwcQrfmc,nvW4jGaOGQf,fpkkdSpN6kR,1
DrZt7895mtB,202401,ncgkwcQrfmc,boCVBaEsB5r,fpkkdSpN6kR,2
DrZt7895mtB,202401,ncgkwcQrfmc,RvkyfBN3dif,fpkkdSpN6kR,2
DrZt7895mtB,202401,ncgkwcQrfmc,S5i8LARZL98,fpkkdSpN6kR,1
DrZt7895mtB,202401,ncgkwcQrfmc,TESUHQ1ho92,fpkkdSpN6kR,1
DrZt7895mtB,202401,ncgkwcQrfmc,aETIHgcVEi8,fpkkdSpN6kR,5
DrZt7895mtB,202401,ncgkwcQrfmc,Pw2yzz0TWtD,fpkkdSpN6kR,4
DrZt7895mtB,202401,ncgkwcQrfmc,ON7VaROLbc1,fpkkdSpN6kR,2
DrZt7895mtB,202401,ncgkwcQrfmc,ZypzKmoAeLw,fpkkdSpN6kR,2
DrZt7895mtB,202401,ncgkwcQrfmc,y6sdaf5Fh4A,fpkkdSpN6kR,16
DrZt7895mtB,202401,ncgkwcQrfmc,hSccl7QhD2P,fpkkdSpN6kR,4
DrZt7895mtB,202401,ncgkwcQrfmc,TfXBpFmaupS,fpkkdSpN6kR,3
DrZt7895mtB,202401,ncgkwcQrfmc,QCmttUP00Oi,fpkkdSpN6kR,6
DrZt7895mtB,202401,ncgkwcQrfmc,HECu5izRmAL,fpkkdSpN6kR,14
DrZt7895mtB,202401,ncgkwcQrfmc,C1AFUJA0Ckq,fpkkdSpN6kR,6
DrZt7895mtB,202401,ncgkwcQrfmc,MG1V9VQpQpy,fpkkdSpN6kR,3
DrZt7895mtB,202401,ncgkwcQrfmc,c9q7b4Vgedh,fpkkdSpN6kR,12
DrZt7895mtB,202401,ncgkwcQrfmc,T7qMphH0lN7,fpkkdSpN6kR,9
DrZt7895mtB,202401,ncgkwcQrfmc,veR7mGp0C4m,fpkkdSpN6kR,4
DrZt7895mtB,202401,ncgkwcQrfmc,y90B361EZB2,fpkkdSpN6kR,5
DrZt7895mtB,202401,ncgkwcQrfmc,ZTJVWesRsTC,fpkkdSpN6kR,12
DrZt7895mtB,202401,ncgkwcQrfmc,oSg4vrNsBWu,fpkkdSpN6kR,8
DrZt7895mtB,202401,ncgkwcQrfmc,TQyWdAnDMC9,fpkkdSpN6kR,7
DrZt7895mtB,202401,ncgkwcQrfmc,DltANXMXQrG,fpkkdSpN6kR,2
DrZt7895mtB,202401,ncgkwcQrfmc,QwtCAo9A0kt,fpkkdSpN6kR,10
DrZt7895mtB,202401,ncgkwcQrfmc,Firc4raxGrW,fpkkdSpN6kR,3
DrZt7895mtB,202401,ncgkwcQrfmc,C7x2xjZUKX5,fpkkdSpN6kR,13
DrZt7895mtB,202401,ncgkwcQrfmc,x4Lrk7cYkKL,fpkkdSpN6kR,3
DrZt7895mtB,202401,ncgkwcQrfmc,pG0DcmRQSpl,fpkkdSpN6kR,8
DrZt7895mtB,202401,ncgkwcQrfmc,XNwpsOtZqZ7,fpkkdSpN6kR,7
DrZt7895mtB,202401,ncgkwcQrfmc,UHhkBEuP3dM,fpkkdSpN6kR,1
DrZt7895mtB,202401,ncgkwcQrfmc,eWZ9pLuoud6,fpkkdSpN6kR,1
DrZt7895mtB,202401,ncgkwcQrfmc,HHNIVEQ5nuS,fpkkdSpN6kR,4
DrZt7895mtB,202401,ncgkwcQrfmc,dEzyvJbZDB3,fpkkdSpN6kR,15
DrZt7895mtB,202401,ncgkwcQrfmc,s9S6rnxbEJX,fpkkdSpN6kR,11
bxLwuLIm9gX,202401,ncgkwcQrfmc,gKLqg6TwA3D,fpkkdSpN6kR,8
bxLwuLIm9gX,202401,ncgkwcQrfmc,WPNw0kpjhkn,fpkkdSpN6kR,8
bxLwuLIm9gX,202401,ncgkwcQrfmc,CcntAiMGCTW,fpkkdSpN6kR,2
bxLwuLIm9gX,202401,ncgkwcQrfmc,yvSKoEcGk6T,fpkkdSpN6kR,4
bxLwuLIm9gX,202401,ncgkwcQrfmc,MekJGFtyL9J,fpkkdSpN6kR,6
bxLwuLIm9gX,202401,ncgkwcQrfmc,iJt278Sgpgb,fpkkdSpN6kR,2
bxLwuLIm9gX,202401,ncgkwcQrfmc,bg2qwTLbusX,fpkkdSpN6kR,7
bxLwuLIm9gX,202401,ncgkwcQrfmc,mfLuHDmhrtr,fpkkdSpN6kR,2
bxLwuLIm9gX,202401,ncgkwcQrfmc,lnSNvuTP3lG,fpkkdSpN6kR,4
bxLwuLIm9gX,202401,ncgkwcQrfmc,CCQn8051t8h,fpkkdSpN6kR,2
PQMn9A4e6kq,202401,ncgkwcQrfmc,kaaNhSVIuvJ,fpkkdSpN6kR,15
PQMn9A4e6kq,202401,ncgkwcQrfmc,CcntAiMGCTW,fpkkdSpN6kR,18
PQMn9A4e6kq,202401,ncgkwcQrfmc,MekJGFtyL9J,fpkkdSpN6kR,21
PQMn9A4e6kq,202401,ncgkwcQrfmc,bg2qwTLbusX,fpkkdSpN6kR,20
PQMn9A4e6kq,202401,ncgkwcQrfmc,lnSNvuTP3lG,fpkkdSpN6kR,11
PQMn9A4e6kq,202401,ncgkwcQrfmc,CCQn8051t8h,fpkkdSpN6kR,6
X3uHLl2dLt7,202401,ncgkwcQrfmc,UCRs0BUVNIy,fpkkdSpN6kR,2
X3uHLl2dLt7,202401,ncgkwcQrfmc,bS44jUo5BpC,fpkkdSpN6kR,54
X3uHLl2dLt7,202401,ncgkwcQrfmc,Ond08qUtRwo,fpkkdSpN6kR,6
X3uHLl2dLt7,202401,ncgkwcQrfmc,DPogTUJCzae,fpkkdSpN6kR,92
X3uHLl2dLt7,202401,ncgkwcQrfmc,AWFdXEpLJJf,fpkkdSpN6kR,2
X3uHLl2dLt7,202401,ncgkwcQrfmc,UscdmRUUqZl,fpkkdSpN6kR,5
X3uHLl2dLt7,202401,ncgkwcQrfmc,aAdx4cwL25t,fpkkdSpN6kR,114
X3uHLl2dLt7,202401,ncgkwcQrfmc,YTVoGEkPiNN,fpkkdSpN6kR,2
X3uHLl2dLt7,202401,ncgkwcQrfmc,qelTan303fs,fpkkdSpN6kR,6
X3uHLl2dLt7,202401,ncgkwcQrfmc,wk6kTVIHfit,fpkkdSpN6kR,48
X3uHLl2dLt7,202401,ncgkwcQrfmc,PdwbrUgNPpx,fpkkdSpN6kR,3
X3uHLl2dLt7,202401,ncgkwcQrfmc,CpEq23usptg,fpkkdSpN6kR,10
X3uHLl2dLt7,202401,ncgkwcQrfmc,HUYvv2pK2Pw,fpkkdSpN6kR,29
X3uHLl2dLt7,202401,ncgkwcQrfmc,KixksLCgvDH,fpkkdSpN6kR,3
X3uHLl2dLt7,202401,ncgkwcQrfmc,uR38HrWPny2,fpkkdSpN6kR,1
X3uHLl2dLt7,202401,ncgkwcQrfmc,pAaNMvStRIv,fpkkdSpN6kR,3
X3uHLl2dLt7,202401,ncgkwcQrfmc,BFVYbWaKDmr,fpkkdSpN6kR,1
SY0KGhE3Jap,202401,ncgkwcQrfmc,KJn8eVi0BWo,fpkkdSpN6kR,57
SY0KGhE3Jap,202401,ncgkwcQrfmc,J4upBcCQRFh,fpkkdSpN6kR,185
nLnblC6VeX9,202401,ncgkwcQrfmc,iwsJxPs7WQ1,fpkkdSpN6kR,1
nLnblC6VeX9,202401,ncgkwcQrfmc,Sw7ePRNi9uR,fpkkdSpN6kR,1
nLnblC6VeX9,202401,ncgkwcQrfmc,P0VOlOgFa0c,fpkkdSpN6kR,1
nLnblC6VeX9,202401,ncgkwcQrfmc,wO9YbsEjgfY,fpkkdSpN6kR,2
nLnblC6VeX9,202401,ncgkwcQrfmc,XWOkqihGXJ8,fpkkdSpN6kR,2
nLnblC6VeX9,202401,ncgkwcQrfmc,wVGU3YLqeoE,fpkkdSpN6kR,1
nLnblC6VeX9,202401,ncgkwcQrfmc,g8dXFwDEb82,fpkkdSpN6kR,2
nLnblC6VeX9,202401,ncgkwcQrfmc,zvjwJfGjY3U,fpkkdSpN6kR,1
nLnblC6VeX9,202401,ncgkwcQrfmc,unqz9OXMLFm,fpkkdSpN6kR,8
nLnblC6VeX9,202401,ncgkwcQrfmc,qOv6N4OQtEs,fpkkdSpN6kR,1
nLnblC6VeX9,202401,ncgkwcQrfmc,hv7HMT7QuQE,fpkkdSpN6kR,2
nLnblC6VeX9,202401,ncgkwcQrfmc,lXd6wW6BX8T,fpkkdSpN6kR,10
nLnblC6VeX9,202401,ncgkwcQrfmc,ihN86WM82RN,fpkkdSpN6kR,4
nLnblC6VeX9,202401,ncgkwcQrfmc,TOq93HQG1Hq,fpkkdSpN6kR,5
nLnblC6VeX9,202401,ncgkwcQrfmc,CpMkPeZVchh,fpkkdSpN6kR,17
nLnblC6VeX9,202401,ncgkwcQrfmc,ZEG85WGlofM,fpkkdSpN6kR,8
nLnblC6VeX9,202401,ncgkwcQrfmc,jI3bLVg00kh,fpkkdSpN6kR,4
nLnblC6VeX9,202401,ncgkwcQrfmc,zKHouoG6wJm,fpkkdSpN6kR,1
nLnblC6VeX9,202401,ncgkwcQrfmc,V3HgjWIh9T2,fpkkdSpN6kR,15
nLnblC6VeX9,202401,ncgkwcQrfmc,LFba4xSwI2S,fpkkdSpN6kR,2
nLnblC6VeX9,202401,ncgkwcQrfmc,eYJExaghxgs,fpkkdSpN6kR,4
nLnblC6VeX9,202401,ncgkwcQrfmc,aqsHU2dCFCL,fpkkdSpN6kR,5
nLnblC6VeX9,202401,ncgkwcQrfmc,vPSH5ueOSR0,fpkkdSpN6kR,8
nLnblC6VeX9,202401,ncgkwcQrfmc,oy1MgIVzAum,fpkkdSpN6kR,5
nLnblC6VeX9,202401,ncgkwcQrfmc,rPE8qEDsSve,fpkkdSpN6kR,8
nLnblC6VeX9,202401,ncgkwcQrfmc,LlQtiJnZU00,fpkkdSpN6kR,1
nLnblC6VeX9,202401,ncgkwcQrfmc,qntuLTpfSge,fpkkdSpN6kR,9
nLnblC6VeX9,202401,ncgkwcQrfmc,KyVNAvmlgpW,fpkkdSpN6kR,1
nLnblC6VeX9,202401,ncgkwcQrfmc,kUuwfZgzqiQ,fpkkdSpN6kR,6
nLnblC6VeX9,202401,ncgkwcQrfmc,R5tsLRwh1V3,fpkkdSpN6kR,1
nLnblC6VeX9,202401,ncgkwcQrfmc,kb46057zpOY,fpkkdSpN6kR,1
nLnblC6VeX9,202401,ncgkwcQrfmc,Ztqddkxgox8,fpkkdSpN6kR,6
nLnblC6VeX9,202401,ncgkwcQrfmc,LmkVvomyplb,fpkkdSpN6kR,1
nLnblC6VeX9,202401,ncgkwcQrfmc,WnwUvAFko2j,fpkkdSpN6kR,2
nLnblC6VeX9,202401,ncgkwcQrfmc,CusbFx4WLxF,fpkkdSpN6kR,1
nLnblC6VeX9,202401,ncgkwcQrfmc,f1Xn8BQFqVL,fpkkdSpN6kR,18
nLnblC6VeX9,202401,ncgkwcQrfmc,TsFJeT4YyIn,fpkkdSpN6kR,4
nLnblC6VeX9,202401,ncgkwcQrfmc,ZHLNTjdMR5c,fpkkdSpN6kR,23
nLnblC6VeX9,202401,ncgkwcQrfmc,M5TH7mN7uzL,fpkkdSpN6kR,1
nLnblC6VeX9,202401,ncgkwcQrfmc,pxRdMrhSDCF,fpkkdSpN6kR,1
nLnblC6VeX9,202401,ncgkwcQrfmc,CFLWMRRJQm8,fpkkdSpN6kR,6
nLnblC6VeX9,202401,ncgkwcQrfmc,WfwuXMvBxma,fpkkdSpN6kR,1
nLnblC6VeX9,202401,ncgkwcQrfmc,xpnizyqo0h5,fpkkdSpN6kR,3
nLnblC6VeX9,202401,ncgkwcQrfmc,vxPlH4KCWbs,fpkkdSpN6kR,1
nLnblC6VeX9,202401,ncgkwcQrfmc,niUMRIRefXh,fpkkdSpN6kR,2
nLnblC6VeX9,202401,ncgkwcQrfmc,oA87AM384Jp,fpkkdSpN6kR,2
nLnblC6VeX9,202401,ncgkwcQrfmc,wNTCmXfVeZ4,fpkkdSpN6kR,2
nLnblC6VeX9,202401,ncgkwcQrfmc,t3iSrGsoRbe,fpkkdSpN6kR,2
nLnblC6VeX9,202401,ncgkwcQrfmc,uVfxEqj4Dno,fpkkdSpN6kR,23
nLnblC6VeX9,202401,ncgkwcQrfmc,jK7DQ8AZHd2,fpkkdSpN6kR,5
nLnblC6VeX9,202401,ncgkwcQrfmc,dJJRrFFqwcG,fpkkdSpN6kR,18
nLnblC6VeX9,202401,ncgkwcQrfmc,EBPoPPIcQsl,fpkkdSpN6kR,6
nLnblC6VeX9,202401,ncgkwcQrfmc,WpRDJJjOhZR,fpkkdSpN6kR,2
nLnblC6VeX9,202401,ncgkwcQrfmc,t86NKiGHhch,fpkkdSpN6kR,1
nLnblC6VeX9,202401,ncgkwcQrfmc,FDOoJPL5cwf,fpkkdSpN6kR,7
nLnblC6VeX9,202401,ncgkwcQrfmc,zvUvOhPX5ZI,fpkkdSpN6kR,9
nLnblC6VeX9,202401,ncgkwcQrfmc,PX27v0acFPd,fpkkdSpN6kR,2
nLnblC6VeX9,202401,ncgkwcQrfmc,XOHjeFTddbm,fpkkdSpN6kR,4
nLnblC6VeX9,202401,ncgkwcQrfmc,SHmuEfQasUv,fpkkdSpN6kR,19
nLnblC6VeX9,202401,ncgkwcQrfmc,cPS9qv3btT0,fpkkdSpN6kR,15
nLnblC6VeX9,202401,ncgkwcQrfmc,E4WZvsdDAVj,fpkkdSpN6kR,7
nLnblC6VeX9,202401,ncgkwcQrfmc,seKkf3du4rN,fpkkdSpN6kR,13
nLnblC6VeX9,202401,ncgkwcQrfmc,lUDVsKMv2HQ,fpkkdSpN6kR,4
nLnblC6VeX9,202401,ncgkwcQrfmc,TpJkBJv7KKM,fpkkdSpN6kR,4
nLnblC6VeX9,202401,ncgkwcQrfmc,pHMYz1gweA6,fpkkdSpN6kR,2
nLnblC6VeX9,202401,ncgkwcQrfmc,zHodO3d4Muf,fpkkdSpN6kR,29
nLnblC6VeX9,202401,ncgkwcQrfmc,JMdzKT7ZXaz,fpkkdSpN6kR,4
nLnblC6VeX9,202401,ncgkwcQrfmc,UiZpKdwvLTE,fpkkdSpN6kR,6
nLnblC6VeX9,202401,ncgkwcQrfmc,yCCcnkFBx0A,fpkkdSpN6kR,17
nLnblC6VeX9,202401,ncgkwcQrfmc,aK0BUCkxESj,fpkkdSpN6kR,1
nLnblC6VeX9,202401,ncgkwcQrfmc,tQaWHpcsZy5,fpkkdSpN6kR,19
nLnblC6VeX9,202401,ncgkwcQrfmc,OE2faUtLufU,fpkkdSpN6kR,3
nLnblC6VeX9,202401,ncgkwcQrfmc,UxBcaHlPlKD,fpkkdSpN6kR,4
nLnblC6VeX9,202401,ncgkwcQrfmc,oOjQOG7OHY3,fpkkdSpN6kR,18
nLnblC6VeX9,202401,ncgkwcQrfmc,y3G5o75uiIK,fpkkdSpN6kR,11
nLnblC6VeX9,202401,ncgkwcQrfmc,AXN8aqwlI3F,fpkkdSpN6kR,16
nLnblC6VeX9,202401,ncgkwcQrfmc,EZbFB6Ee4aV,fpkkdSpN6kR,5
nLnblC6VeX9,202401,ncgkwcQrfmc,mHF3AzA51lI,fpkkdSpN6kR,11
nLnblC6VeX9,202401,ncgkwcQrfmc,Gvcr4cN2ols,fpkkdSpN6kR,2
nLnblC6VeX9,202401,ncgkwcQrfmc,WlHhj5mWTyI,fpkkdSpN6kR,1
nLnblC6VeX9,202401,ncgkwcQrfmc,YfDeQUz6MsW,fpkkdSpN6kR,1
nLnblC6VeX9,202401,ncgkwcQrfmc,CtmS284erH4,fpkkdSpN6kR,7
nLnblC6VeX9,202401,ncgkwcQrfmc,spwcT1GBWvb,fpkkdSpN6kR,3
nLnblC6VeX9,202401,ncgkwcQrfmc,t94PvupA3Eu,fpkkdSpN6kR,22
nLnblC6VeX9,202401,ncgkwcQrfmc,RqVX01ebAgE,fpkkdSpN6kR,3
nLnblC6VeX9,202401,ncgkwcQrfmc,fsLemEIGjqJ,fpkkdSpN6kR,3
nLnblC6VeX9,202401,ncgkwcQrfmc,LxkfZwPD043,fpkkdSpN6kR,2
KSTkBDYa7MX,202401,ncgkwcQrfmc,CcntAiMGCTW,fpkkdSpN6kR,1
KSTkBDYa7MX,202401,ncgkwcQrfmc,MekJGFtyL9J,fpkkdSpN6kR,1
UP3pLyZ2rXi,202401,ncgkwcQrfmc,kFMOXWP8bV0,fpkkdSpN6kR,44
UP3pLyZ2rXi,202401,ncgkwcQrfmc,tJ2u2vZJsqS,fpkkdSpN6kR,96
UP3pLyZ2rXi,202401,ncgkwcQrfmc,jjCwJgyZEqT,fpkkdSpN6kR,2
UP3pLyZ2rXi,202401,ncgkwcQrfmc,bSyului4nat,fpkkdSpN6kR,65
UP3pLyZ2rXi,202401,ncgkwcQrfmc,dKn4XNRrmbr,fpkkdSpN6kR,43
UP3pLyZ2rXi,202401,ncgkwcQrfmc,u25baY5gWPP,fpkkdSpN6kR,21
UP3pLyZ2rXi,202401,ncgkwcQrfmc,c3ZDrElLszm,fpkkdSpN6kR,5
SfEzu4BdEXg,202401,ncgkwcQrfmc,gKLqg6TwA3D,fpkkdSpN6kR,2
SfEzu4BdEXg,202401,ncgkwcQrfmc,WPNw0kpjhkn,fpkkdSpN6kR,2
SfEzu4BdEXg,202401,ncgkwcQrfmc,CcntAiMGCTW,fpkkdSpN6kR,1
SfEzu4BdEXg,202401,ncgkwcQrfmc,yvSKoEcGk6T,fpkkdSpN6kR,3
SfEzu4BdEXg,202401,ncgkwcQrfmc,MekJGFtyL9J,fpkkdSpN6kR,5
SfEzu4BdEXg,202401,ncgkwcQrfmc,iJt278Sgpgb,fpkkdSpN6kR,3
SfEzu4BdEXg,202401,ncgkwcQrfmc,bg2qwTLbusX,fpkkdSpN6kR,2
SfEzu4BdEXg,202401,ncgkwcQrfmc,mfLuHDmhrtr,fpkkdSpN6kR,4
SfEzu4BdEXg,202401,ncgkwcQrfmc,lnSNvuTP3lG,fpkkdSpN6kR,6
SfEzu4BdEXg,202401,ncgkwcQrfmc,G5sYGWBFrrD,fpkkdSpN6kR,1
SfEzu4BdEXg,202401,ncgkwcQrfmc,CCQn8051t8h,fpkkdSpN6kR,3
SfEzu4BdEXg,202401,ncgkwcQrfmc,dw5rlrUzaEi,fpkkdSpN6kR,3
vAI0GFV8bMR,202401,ncgkwcQrfmc,jAUUJWab4gr,fpkkdSpN6kR,106
QftuCe4YS5M,202401,ncgkwcQrfmc,gKLqg6TwA3D,fpkkdSpN6kR,1
VTjDSJ7WOeo,202401,ncgkwcQrfmc,hfFdzYuqgTs,fpkkdSpN6kR,2
VTjDSJ7WOeo,202401,ncgkwcQrfmc,jMpfzhb7Euw,fpkkdSpN6kR,12
VTjDSJ7WOeo,202401,ncgkwcQrfmc,YpYPQW6MU9I,fpkkdSpN6kR,3
VTjDSJ7WOeo,202401,ncgkwcQrfmc,sf3VGW2s3a2,fpkkdSpN6kR,11
VTjDSJ7WOeo,202401,ncgkwcQrfmc,M4lfd9QYdai,fpkkdSpN6kR,5
VTjDSJ7WOeo,202401,ncgkwcQrfmc,ZSpKikRdowu,fpkkdSpN6kR,18
VTjDSJ7WOeo,202401,ncgkwcQrfmc,hAdgq9qu93q,fpkkdSpN6kR,13
VTjDSJ7WOeo,202401,ncgkwcQrfmc,NcuGTcAlBk2,fpkkdSpN6kR,12
VTjDSJ7WOeo,202401,ncgkwcQrfmc,Sg7m4wJaPtf,fpkkdSpN6kR,5
VTjDSJ7WOeo,202401,ncgkwcQrfmc,UKwiUCN68r9,fpkkdSpN6kR,7
VTjDSJ7WOeo,202401,ncgkwcQrfmc,cQf09LfQDxt,fpkkdSpN6kR,4
VTjDSJ7WOeo,202401,ncgkwcQrfmc,v0wm2BoL5X5,fpkkdSpN6kR,5
VTjDSJ7WOeo,202401,ncgkwcQrfmc,FFSaIfyKhUN,fpkkdSpN6kR,3
VTjDSJ7WOeo,202401,ncgkwcQrfmc,GkT76386OvB,fpkkdSpN6kR,3
VTjDSJ7WOeo,202401,ncgkwcQrfmc,t8jllH2TLQC,fpkkdSpN6kR,3
oadX0x2g0Hn,202401,ncgkwcQrfmc,RvkyfBN3dif,fpkkdSpN6kR,4
oadX0x2g0Hn,202401,ncgkwcQrfmc,N6ovI6Vhvhh,fpkkdSpN6kR,2
oadX0x2g0Hn,202401,ncgkwcQrfmc,TESUHQ1ho92,fpkkdSpN6kR,1
oadX0x2g0Hn,202401,ncgkwcQrfmc,aETIHgcVEi8,fpkkdSpN6kR,14
oadX0x2g0Hn,202401,ncgkwcQrfmc,ON7VaROLbc1,fpkkdSpN6kR,2
oadX0x2g0Hn,202401,ncgkwcQrfmc,tAPYzBeoVUt,fpkkdSpN6kR,2
oadX0x2g0Hn,202401,ncgkwcQrfmc,ZypzKmoAeLw,fpkkdSpN6kR,19
oadX0x2g0Hn,202401,ncgkwcQrfmc,y6sdaf5Fh4A,fpkkdSpN6kR,4
oadX0x2g0Hn,202401,ncgkwcQrfmc,hSccl7QhD2P,fpkkdSpN6kR,2
oadX0x2g0Hn,202401,ncgkwcQrfmc,TfXBpFmaupS,fpkkdSpN6kR,1
oadX0x2g0Hn,202401,ncgkwcQrfmc,QCmttUP00Oi,fpkkdSpN6kR,23
oadX0x2g0Hn,202401,ncgkwcQrfmc,HECu5izRmAL,fpkkdSpN6kR,8
oadX0x2g0Hn,202401,ncgkwcQrfmc,C1AFUJA0Ckq,fpkkdSpN6kR,5
oadX0x2g0Hn,202401,ncgkwcQrfmc,MG1V9VQpQpy,fpkkdSpN6kR,1
oadX0x2g0Hn,202401,ncgkwcQrfmc,c9q7b4Vgedh,fpkkdSpN6kR,28
oadX0x2g0Hn,202401,ncgkwcQrfmc,T7qMphH0lN7,fpkkdSpN6kR,4
oadX0x2g0Hn,202401,ncgkwcQrfmc,veR7mGp0C4m,fpkkdSpN6kR,11
oadX0x2g0Hn,202401,ncgkwcQrfmc,y90B361EZB2,fpkkdSpN6kR,6
oadX0x2g0Hn,202401,ncgkwcQrfmc,ZTJVWesRsTC,fpkkdSpN6kR,16
oadX0x2g0Hn,202401,ncgkwcQrfmc,oSg4vrNsBWu,fpkkdSpN6kR,2
oadX0x2g0Hn,202401,ncgkwcQrfmc,TQyWdAnDMC9,fpkkdSpN6kR,21
oadX0x2g0Hn,202401,ncgkwcQrfmc,DltANXMXQrG,fpkkdSpN6kR,3
oadX0x2g0Hn,202401,ncgkwcQrfmc,QwtCAo9A0kt,fpkkdSpN6kR,38
oadX0x2g0Hn,202401,ncgkwcQrfmc,Firc4raxGrW,fpkkdSpN6kR,1
oadX0x2g0Hn,202401,ncgkwcQrfmc,C7x2xjZUKX5,fpkkdSpN6kR,19
oadX0x2g0Hn,202401,ncgkwcQrfmc,x4Lrk7cYkKL,fpkkdSpN6kR,3
oadX0x2g0Hn,202401,ncgkwcQrfmc,pG0DcmRQSpl,fpkkdSpN6kR,34
oadX0x2g0Hn,202401,ncgkwcQrfmc,WqJbrPSR8Fw,fpkkdSpN6kR,1
oadX0x2g0Hn,202401,ncgkwcQrfmc,XNwpsOtZqZ7,fpkkdSpN6kR,21
oadX0x2g0Hn,202401,ncgkwcQrfmc,UHhkBEuP3dM,fpkkdSpN6kR,1
oadX0x2g0Hn,202401,ncgkwcQrfmc,eWZ9pLuoud6,fpkkdSpN6kR,1
oadX0x2g0Hn,202401,ncgkwcQrfmc,HHNIVEQ5nuS,fpkkdSpN6kR,3
oadX0x2g0Hn,202401,ncgkwcQrfmc,dEzyvJbZDB3,fpkkdSpN6kR,38
oadX0x2g0Hn,202401,ncgkwcQrfmc,s9S6rnxbEJX,fpkkdSpN6kR,30
qoaquI3xMwi,202401,ncgkwcQrfmc,VeTYFp1nImZ,fpkkdSpN6kR,0
qoaquI3xMwi,202401,ncgkwcQrfmc,O5WIpKcVEUJ,fpkkdSpN6kR,0
qoaquI3xMwi,202401,ncgkwcQrfmc,CQbNlqLi4v1,fpkkdSpN6kR,8
qoaquI3xMwi,202401,ncgkwcQrfmc,Ksgdfydc4dz,fpkkdSpN6kR,9
qoaquI3xMwi,202401,ncgkwcQrfmc,f5ylDrk8pN3,fpkkdSpN6kR,56
qoaquI3xMwi,202401,ncgkwcQrfmc,iJgBfWEljXN,fpkkdSpN6kR,63
qoaquI3xMwi,202401,ncgkwcQrfmc,M3uszAyMR5A,fpkkdSpN6kR,107
qoaquI3xMwi,202401,ncgkwcQrfmc,xwK9zJ2LzV6,fpkkdSpN6kR,86
qoaquI3xMwi,202401,ncgkwcQrfmc,s3NGtk2CxY4,fpkkdSpN6kR,249
qoaquI3xMwi,202401,ncgkwcQrfmc,ZwzRE3BpW3p,fpkkdSpN6kR,78
qoaquI3xMwi,202401,ncgkwcQrfmc,xhocpWG5pDE,fpkkdSpN6kR,582
qoaquI3xMwi,202401,ncgkwcQrfmc,vADzH6C5eLw,fpkkdSpN6kR,117
qoaquI3xMwi,202401,ncgkwcQrfmc,k0drv1cC5fH,fpkkdSpN6kR,756
qoaquI3xMwi,202401,ncgkwcQrfmc,AUcw5cxZ3NE,fpkkdSpN6kR,293
qoaquI3xMwi,202401,ncgkwcQrfmc,CFPsjIRA0Y4,fpkkdSpN6kR,949
qoaquI3xMwi,202401,ncgkwcQrfmc,C0Zcas5KVcc,fpkkdSpN6kR,463
qoaquI3xMwi,202401,ncgkwcQrfmc,yXnxwDEtfvS,fpkkdSpN6kR,1002
qoaquI3xMwi,202401,ncgkwcQrfmc,Nbh8ykO8aIk,fpkkdSpN6kR,634
qoaquI3xMwi,202401,ncgkwcQrfmc,LLF2SqXhwMh,fpkkdSpN6kR,814
qoaquI3xMwi,202401,ncgkwcQrfmc,qNfLjvaDKTX,fpkkdSpN6kR,645
qoaquI3xMwi,202401,ncgkwcQrfmc,gs8lvXo3qxR,fpkkdSpN6kR,33
qoaquI3xMwi,202401,ncgkwcQrfmc,QtKp9RO5wHz,fpkkdSpN6kR,40
qoaquI3xMwi,202401,ncgkwcQrfmc,AER324nAY8R,fpkkdSpN6kR,464
qoaquI3xMwi,202401,ncgkwcQrfmc,xmqn6YIVW3M,fpkkdSpN6kR,280
qoaquI3xMwi,202401,ncgkwcQrfmc,NLtS8corjwz,fpkkdSpN6kR,120
qoaquI3xMwi,202401,ncgkwcQrfmc,DAVr6ScBXdq,fpkkdSpN6kR,621
qoaquI3xMwi,202401,ncgkwcQrfmc,ofJaZuUVUxZ,fpkkdSpN6kR,141
qoaquI3xMwi,202401,ncgkwcQrfmc,lofKV3cxaRC,fpkkdSpN6kR,184
qoaquI3xMwi,202401,ncgkwcQrfmc,vCQ3SWqSemc,fpkkdSpN6kR,340
qoaquI3xMwi,202401,ncgkwcQrfmc,WLWGBy7xIpy,fpkkdSpN6kR,108
wZH50E0QICw,202401,ncgkwcQrfmc,WPNw0kpjhkn,fpkkdSpN6kR,3
wZH50E0QICw,202401,ncgkwcQrfmc,yvSKoEcGk6T,fpkkdSpN6kR,4
wZH50E0QICw,202401,ncgkwcQrfmc,MekJGFtyL9J,fpkkdSpN6kR,3
wZH50E0QICw,202401,ncgkwcQrfmc,bg2qwTLbusX,fpkkdSpN6kR,2
wZH50E0QICw,202401,ncgkwcQrfmc,lnSNvuTP3lG,fpkkdSpN6kR,1
wZH50E0QICw,202401,ncgkwcQrfmc,G5sYGWBFrrD,fpkkdSpN6kR,2
wZH50E0QICw,202401,ncgkwcQrfmc,dw5rlrUzaEi,fpkkdSpN6kR,1
d21VKi2eTiR,202401,ncgkwcQrfmc,g9o0DFKjQ1w,fpkkdSpN6kR,1
d21VKi2eTiR,202401,ncgkwcQrfmc,dzmbEz3NylS,fpkkdSpN6kR,3
d21VKi2eTiR,202401,ncgkwcQrfmc,RGADiK5GXdd,fpkkdSpN6kR,1
d21VKi2eTiR,202401,ncgkwcQrfmc,qcxyNadzqoA,fpkkdSpN6kR,1
d21VKi2eTiR,202401,ncgkwcQrfmc,swkt0ewUhOD,fpkkdSpN6kR,1
d21VKi2eTiR,202401,ncgkwcQrfmc,nXLLwbzi699,fpkkdSpN6kR,3
d21VKi2eTiR,202401,ncgkwcQrfmc,ZY7LYKGSpky,fpkkdSpN6kR,1
d21VKi2eTiR,202401,ncgkwcQrfmc,XdxZ2EiCCBl,fpkkdSpN6kR,7
d21VKi2eTiR,202401,ncgkwcQrfmc,yoVG8y9VPie,fpkkdSpN6kR,17
d21VKi2eTiR,202401,ncgkwcQrfmc,H4lrHuDhSrp,fpkkdSpN6kR,2
d21VKi2eTiR,202401,ncgkwcQrfmc,P6unvayg94m,fpkkdSpN6kR,19
d21VKi2eTiR,202401,ncgkwcQrfmc,Ql8JBd57XPc,fpkkdSpN6kR,1
d21VKi2eTiR,202401,ncgkwcQrfmc,O1RtcGUn63L,fpkkdSpN6kR,10
d21VKi2eTiR,202401,ncgkwcQrfmc,aGBbgHGLMN3,fpkkdSpN6kR,2
d21VKi2eTiR,202401,ncgkwcQrfmc,DyB6aUOkSuO,fpkkdSpN6kR,13
d21VKi2eTiR,202401,ncgkwcQrfmc,QDO3HByrCkY,fpkkdSpN6kR,4
d21VKi2eTiR,202401,ncgkwcQrfmc,IEwVfn2NDyB,fpkkdSpN6kR,8
d21VKi2eTiR,202401,ncgkwcQrfmc,IKQEqJGmjJP,fpkkdSpN6kR,2
d21VKi2eTiR,202401,ncgkwcQrfmc,OOkXKUg81nQ,fpkkdSpN6kR,0
d21VKi2eTiR,202401,ncgkwcQrfmc,nc05EqyyHaF,fpkkdSpN6kR,2
d21VKi2eTiR,202401,ncgkwcQrfmc,aEnuwvyxAiT,fpkkdSpN6kR,3
d21VKi2eTiR,202401,ncgkwcQrfmc,MAgD26GigsQ,fpkkdSpN6kR,1
d21VKi2eTiR,202401,ncgkwcQrfmc,jBEx4ja6iA9,fpkkdSpN6kR,4
d21VKi2eTiR,202401,ncgkwcQrfmc,vbRWQlCV7EO,fpkkdSpN6kR,1
lTLHONJMfFx,202401,ncgkwcQrfmc,qBA6fcVSroM,fpkkdSpN6kR,158
lTLHONJMfFx,202401,ncgkwcQrfmc,W2w4caDWLEo,fpkkdSpN6kR,117
xuPRABat2pN,202401,ncgkwcQrfmc,qcxyNadzqoA,fpkkdSpN6kR,21
xuPRABat2pN,202401,ncgkwcQrfmc,KomufdpglYB,fpkkdSpN6kR,1
xuPRABat2pN,202401,ncgkwcQrfmc,swkt0ewUhOD,fpkkdSpN6kR,10
xuPRABat2pN,202401,ncgkwcQrfmc,czvrjqem9D9,fpkkdSpN6kR,1
xuPRABat2pN,202401,ncgkwcQrfmc,nXLLwbzi699,fpkkdSpN6kR,31
xuPRABat2pN,202401,ncgkwcQrfmc,ZY7LYKGSpky,fpkkdSpN6kR,7
xuPRABat2pN,202401,ncgkwcQrfmc,XdxZ2EiCCBl,fpkkdSpN6kR,26
xuPRABat2pN,202401,ncgkwcQrfmc,LFxiRzng6pp,fpkkdSpN6kR,1
xuPRABat2pN,202401,ncgkwcQrfmc,Ql8JBd57XPc,fpkkdSpN6kR,1
xuPRABat2pN,202401,ncgkwcQrfmc,O1RtcGUn63L,fpkkdSpN6kR,1
n5kU7XYw6Xj,202401,ncgkwcQrfmc,CcntAiMGCTW,fpkkdSpN6kR,1
n5kU7XYw6Xj,202401,ncgkwcQrfmc,G5sYGWBFrrD,fpkkdSpN6kR,1
ld348HlRBXG,202401,ncgkwcQrfmc,hfFdzYuqgTs,fpkkdSpN6kR,2
ld348HlRBXG,202401,ncgkwcQrfmc,jMpfzhb7Euw,fpkkdSpN6kR,6
ld348HlRBXG,202401,ncgkwcQrfmc,YpYPQW6MU9I,fpkkdSpN6kR,1
ld348HlRBXG,202401,ncgkwcQrfmc,sf3VGW2s3a2,fpkkdSpN6kR,9
ld348HlRBXG,202401,ncgkwcQrfmc,M4lfd9QYdai,fpkkdSpN6kR,6
ld348HlRBXG,202401,ncgkwcQrfmc,ZSpKikRdowu,fpkkdSpN6kR,2
ld348HlRBXG,202401,ncgkwcQrfmc,hAdgq9qu93q,fpkkdSpN6kR,8
ld348HlRBXG,202401,ncgkwcQrfmc,NcuGTcAlBk2,fpkkdSpN6kR,3
ld348HlRBXG,202401,ncgkwcQrfmc,Sg7m4wJaPtf,fpkkdSpN6kR,3
ld348HlRBXG,202401,ncgkwcQrfmc,cQf09LfQDxt,fpkkdSpN6kR,3
ld348HlRBXG,202401,ncgkwcQrfmc,t8jllH2TLQC,fpkkdSpN6kR,2
pcJ90Q1Ald5,202401,ncgkwcQrfmc,CJ1NVTma8cJ,fpkkdSpN6kR,1
pcJ90Q1Ald5,202401,ncgkwcQrfmc,QHu2BJCGDk6,fpkkdSpN6kR,1
rPZMmWPJ1y5,202401,ncgkwcQrfmc,Yr0ZsaMwvDK,fpkkdSpN6kR,26
rPZMmWPJ1y5,202401,ncgkwcQrfmc,z203nbiVrRd,fpkkdSpN6kR,15
rPZMmWPJ1y5,202401,ncgkwcQrfmc,Ub6VqtAxLuo,fpkkdSpN6kR,13
rPZMmWPJ1y5,202401,ncgkwcQrfmc,gVg0NCK5Ztz,fpkkdSpN6kR,1
rPZMmWPJ1y5,202401,ncgkwcQrfmc,vJ6x9k2O1OQ,fpkkdSpN6kR,12
rPZMmWPJ1y5,202401,ncgkwcQrfmc,rSoTYMihRXq,fpkkdSpN6kR,1
rPZMmWPJ1y5,202401,ncgkwcQrfmc,PCTKZgpmBG7,fpkkdSpN6kR,3
rPZMmWPJ1y5,202401,ncgkwcQrfmc,Ro2qw8WsN2D,fpkkdSpN6kR,2
rPZMmWPJ1y5,202401,ncgkwcQrfmc,RTpuuQu2SMV,fpkkdSpN6kR,1
IaN588shABx,202401,ncgkwcQrfmc,g10r90Dfqno,fpkkdSpN6kR,5
IaN588shABx,202401,ncgkwcQrfmc,Qmd2frB3e8F,fpkkdSpN6kR,1
IaN588shABx,202401,ncgkwcQrfmc,TT9hQ7SaHea,fpkkdSpN6kR,14
IaN588shABx,202401,ncgkwcQrfmc,nMsMRcdsXmy,fpkkdSpN6kR,16
IaN588shABx,202401,ncgkwcQrfmc,BqGKadWCFhx,fpkkdSpN6kR,69
IaN588shABx,202401,ncgkwcQrfmc,wcvVlUrzbYG,fpkkdSpN6kR,79
IaN588shABx,202401,ncgkwcQrfmc,subJjGY0UcE,fpkkdSpN6kR,173
IaN588shABx,202401,ncgkwcQrfmc,N78akNFqLex,fpkkdSpN6kR,109
IaN588shABx,202401,ncgkwcQrfmc,tpKwyj8il3w,fpkkdSpN6kR,430
IaN588shABx,202401,ncgkwcQrfmc,onwJ6bulsyi,fpkkdSpN6kR,120
IaN588shABx,202401,ncgkwcQrfmc,Mwqc3GO1kId,fpkkdSpN6kR,856
IaN588shABx,202401,ncgkwcQrfmc,pUXn4laGtJe,fpkkdSpN6kR,213
IaN588shABx,202401,ncgkwcQrfmc,SmLUO99wdfb,fpkkdSpN6kR,1075
IaN588shABx,202401,ncgkwcQrfmc,udSjk1sKgO5,fpkkdSpN6kR,454
IaN588shABx,202401,ncgkwcQrfmc,IzV4BuohS90,fpkkdSpN6kR,1245
IaN588shABx,202401,ncgkwcQrfmc,US2dWooI6pT,fpkkdSpN6kR,668
IaN588shABx,202401,ncgkwcQrfmc,EMovAqLcbGq,fpkkdSpN6kR,1312
IaN588shABx,202401,ncgkwcQrfmc,pdPUNjzab6h,fpkkdSpN6kR,860
IaN588shABx,202401,ncgkwcQrfmc,GnlieRaxUWw,fpkkdSpN6kR,1027
IaN588shABx,202401,ncgkwcQrfmc,FZZZIfer5tA,fpkkdSpN6kR,839
IaN588shABx,202401,ncgkwcQrfmc,dwskguR0DV8,fpkkdSpN6kR,42
IaN588shABx,202401,ncgkwcQrfmc,RQXs6B8Td4v,fpkkdSpN6kR,51
IaN588shABx,202401,ncgkwcQrfmc,GliuFJTAsAp,fpkkdSpN6kR,188
IaN588shABx,202401,ncgkwcQrfmc,qbzDBEJWFMB,fpkkdSpN6kR,351
IaN588shABx,202401,ncgkwcQrfmc,RT7QsVY15yL,fpkkdSpN6kR,582
IaN588shABx,202401,ncgkwcQrfmc,W909S6WDrZ8,fpkkdSpN6kR,421
IaN588shABx,202401,ncgkwcQrfmc,ETwXuMGk1iE,fpkkdSpN6kR,218
IaN588shABx,202401,ncgkwcQrfmc,nJlZC7BrpYs,fpkkdSpN6kR,126
IaN588shABx,202401,ncgkwcQrfmc,Il7UBf5AxcH,fpkkdSpN6kR,769
IaN588shABx,202401,ncgkwcQrfmc,TSt8KAsSu0I,fpkkdSpN6kR,152
Edr9KyKCW4F,202401,ncgkwcQrfmc,gKLqg6TwA3D,fpkkdSpN6kR,1
Edr9KyKCW4F,202401,ncgkwcQrfmc,WPNw0kpjhkn,fpkkdSpN6kR,1
Edr9KyKCW4F,202401,ncgkwcQrfmc,CCQn8051t8h,fpkkdSpN6kR,1
Edr9KyKCW4F,202401,ncgkwcQrfmc,dw5rlrUzaEi,fpkkdSpN6kR,1
aTQycNg7YLC,202401,ncgkwcQrfmc,VeTYFp1nImZ,fpkkdSpN6kR,0
aTQycNg7YLC,202401,ncgkwcQrfmc,O5WIpKcVEUJ,fpkkdSpN6kR,0
aTQycNg7YLC,202401,ncgkwcQrfmc,CQbNlqLi4v1,fpkkdSpN6kR,10
aTQycNg7YLC,202401,ncgkwcQrfmc,Ksgdfydc4dz,fpkkdSpN6kR,10
aTQycNg7YLC,202401,ncgkwcQrfmc,f5ylDrk8pN3,fpkkdSpN6kR,57
aTQycNg7YLC,202401,ncgkwcQrfmc,iJgBfWEljXN,fpkkdSpN6kR,66
aTQycNg7YLC,202401,ncgkwcQrfmc,M3uszAyMR5A,fpkkdSpN6kR,121
aTQycNg7YLC,202401,ncgkwcQrfmc,xwK9zJ2LzV6,fpkkdSpN6kR,92
aTQycNg7YLC,202401,ncgkwcQrfmc,s3NGtk2CxY4,fpkkdSpN6kR,278
aTQycNg7YLC,202401,ncgkwcQrfmc,ZwzRE3BpW3p,fpkkdSpN6kR,82
aTQycNg7YLC,202401,ncgkwcQrfmc,xhocpWG5pDE,fpkkdSpN6kR,610
aTQycNg7YLC,202401,ncgkwcQrfmc,vADzH6C5eLw,fpkkdSpN6kR,131
aTQycNg7YLC,202401,ncgkwcQrfmc,k0drv1cC5fH,fpkkdSpN6kR,779
aTQycNg7YLC,202401,ncgkwcQrfmc,AUcw5cxZ3NE,fpkkdSpN6kR,311
aTQycNg7YLC,202401,ncgkwcQrfmc,CFPsjIRA0Y4,fpkkdSpN6kR,965
aTQycNg7YLC,202401,ncgkwcQrfmc,C0Zcas5KVcc,fpkkdSpN6kR,480
aTQycNg7YLC,202401,ncgkwcQrfmc,yXnxwDEtfvS,fpkkdSpN6kR,1022
aTQycNg7YLC,202401,ncgkwcQrfmc,Nbh8ykO8aIk,fpkkdSpN6kR,664
aTQycNg7YLC,202401,ncgkwcQrfmc,LLF2SqXhwMh,fpkkdSpN6kR,824
aTQycNg7YLC,202401,ncgkwcQrfmc,qNfLjvaDKTX,fpkkdSpN6kR,659
aTQycNg7YLC,202401,ncgkwcQrfmc,gs8lvXo3qxR,fpkkdSpN6kR,34
aTQycNg7YLC,202401,ncgkwcQrfmc,QtKp9RO5wHz,fpkkdSpN6kR,41
aTQycNg7YLC,202401,ncgkwcQrfmc,AER324nAY8R,fpkkdSpN6kR,469
aTQycNg7YLC,202401,ncgkwcQrfmc,xmqn6YIVW3M,fpkkdSpN6kR,283
aTQycNg7YLC,202401,ncgkwcQrfmc,NLtS8corjwz,fpkkdSpN6kR,120
aTQycNg7YLC,202401,ncgkwcQrfmc,DAVr6ScBXdq,fpkkdSpN6kR,629
aTQycNg7YLC,202401,ncgkwcQrfmc,ofJaZuUVUxZ,fpkkdSpN6kR,148
aTQycNg7YLC,202401,ncgkwcQrfmc,lofKV3cxaRC,fpkkdSpN6kR,184
aTQycNg7YLC,202401,ncgkwcQrfmc,vCQ3SWqSemc,fpkkdSpN6kR,343
aTQycNg7YLC,202401,ncgkwcQrfmc,WLWGBy7xIpy,fpkkdSpN6kR,108
IQd5OCF99Fm,202401,ncgkwcQrfmc,fIs20Ikp97F,fpkkdSpN6kR,1
IQd5OCF99Fm,202401,ncgkwcQrfmc,gKLqg6TwA3D,fpkkdSpN6kR,4
IQd5OCF99Fm,202401,ncgkwcQrfmc,WPNw0kpjhkn,fpkkdSpN6kR,2
IQd5OCF99Fm,202401,ncgkwcQrfmc,CcntAiMGCTW,fpkkdSpN6kR,1
IQd5OCF99Fm,202401,ncgkwcQrfmc,yvSKoEcGk6T,fpkkdSpN6kR,1
IQd5OCF99Fm,202401,ncgkwcQrfmc,MekJGFtyL9J,fpkkdSpN6kR,2
IQd5OCF99Fm,202401,ncgkwcQrfmc,iJt278Sgpgb,fpkkdSpN6kR,1
IQd5OCF99Fm,202401,ncgkwcQrfmc,bg2qwTLbusX,fpkkdSpN6kR,3
IQd5OCF99Fm,202401,ncgkwcQrfmc,lnSNvuTP3lG,fpkkdSpN6kR,2
IQd5OCF99Fm,202401,ncgkwcQrfmc,CCQn8051t8h,fpkkdSpN6kR,2
IQd5OCF99Fm,202401,ncgkwcQrfmc,n9rPd1u08uk,fpkkdSpN6kR,1
Tt1b7XMIjn2,202401,ncgkwcQrfmc,vht6aVSMhrW,fpkkdSpN6kR,0
Tt1b7XMIjn2,202401,ncgkwcQrfmc,HrfG0LO8rVk,fpkkdSpN6kR,421
Tt1b7XMIjn2,202401,ncgkwcQrfmc,IgWlWy0ZIg6,fpkkdSpN6kR,11413
Tt1b7XMIjn2,202401,ncgkwcQrfmc,JYZuHVupFEe,fpkkdSpN6kR,1092
Tt1b7XMIjn2,202401,ncgkwcQrfmc,AtXAtHEldza,fpkkdSpN6kR,1699
Tt1b7XMIjn2,202401,ncgkwcQrfmc,AN9N1ZGenw0,fpkkdSpN6kR,3711
Tt1b7XMIjn2,202401,ncgkwcQrfmc,FXbbZBFcEWt,fpkkdSpN6kR,0
Tt1b7XMIjn2,202401,ncgkwcQrfmc,LYigly6HmNR,fpkkdSpN6kR,0
Tt1b7XMIjn2,202401,ncgkwcQrfmc,pbKO3pRwHtZ,fpkkdSpN6kR,0
Tt1b7XMIjn2,202401,ncgkwcQrfmc,Cav32eTjPPw,fpkkdSpN6kR,0
VNDgVg0Qu6q,202401,ncgkwcQrfmc,RvkyfBN3dif,fpkkdSpN6kR,4
VNDgVg0Qu6q,202401,ncgkwcQrfmc,N6ovI6Vhvhh,fpkkdSpN6kR,2
VNDgVg0Qu6q,202401,ncgkwcQrfmc,TESUHQ1ho92,fpkkdSpN6kR,1
VNDgVg0Qu6q,202401,ncgkwcQrfmc,aETIHgcVEi8,fpkkdSpN6kR,14
VNDgVg0Qu6q,202401,ncgkwcQrfmc,ON7VaROLbc1,fpkkdSpN6kR,2
VNDgVg0Qu6q,202401,ncgkwcQrfmc,tAPYzBeoVUt,fpkkdSpN6kR,2
VNDgVg0Qu6q,202401,ncgkwcQrfmc,ZypzKmoAeLw,fpkkdSpN6kR,19
VNDgVg0Qu6q,202401,ncgkwcQrfmc,y6sdaf5Fh4A,fpkkdSpN6kR,4
VNDgVg0Qu6q,202401,ncgkwcQrfmc,hSccl7QhD2P,fpkkdSpN6kR,2
VNDgVg0Qu6q,202401,ncgkwcQrfmc,TfXBpFmaupS,fpkkdSpN6kR,1
VNDgVg0Qu6q,202401,ncgkwcQrfmc,QCmttUP00Oi,fpkkdSpN6kR,23
VNDgVg0Qu6q,202401,ncgkwcQrfmc,HECu5izRmAL,fpkkdSpN6kR,8
VNDgVg0Qu6q,202401,ncgkwcQrfmc,C1AFUJA0Ckq,fpkkdSpN6kR,5
VNDgVg0Qu6q,202401,ncgkwcQrfmc,MG1V9VQpQpy,fpkkdSpN6kR,1
VNDgVg0Qu6q,202401,ncgkwcQrfmc,c9q7b4Vgedh,fpkkdSpN6kR,28
VNDgVg0Qu6q,202401,ncgkwcQrfmc,T7qMphH0lN7,fpkkdSpN6kR,4
VNDgVg0Qu6q,202401,ncgkwcQrfmc,veR7mGp0C4m,fpkkdSpN6kR,11
VNDgVg0Qu6q,202401,ncgkwcQrfmc,y90B361EZB2,fpkkdSpN6kR,6
VNDgVg0Qu6q,202401,ncgkwcQrfmc,ZTJVWesRsTC,fpkkdSpN6kR,16
VNDgVg0Qu6q,202401,ncgkwcQrfmc,oSg4vrNsBWu,fpkkdSpN6kR,2
VNDgVg0Qu6q,202401,ncgkwcQrfmc,TQyWdAnDMC9,fpkkdSpN6kR,21
VNDgVg0Qu6q,202401,ncgkwcQrfmc,DltANXMXQrG,fpkkdSpN6kR,3
VNDgVg0Qu6q,202401,ncgkwcQrfmc,QwtCAo9A0kt,fpkkdSpN6kR,38
VNDgVg0Qu6q,202401,ncgkwcQrfmc,Firc4raxGrW,fpkkdSpN6kR,1
VNDgVg0Qu6q,202401,ncgkwcQrfmc,C7x2xjZUKX5,fpkkdSpN6kR,19
VNDgVg0Qu6q,202401,ncgkwcQrfmc,x4Lrk7cYkKL,fpkkdSpN6kR,3
VNDgVg0Qu6q,202401,ncgkwcQrfmc,pG0DcmRQSpl,fpkkdSpN6kR,34
VNDgVg0Qu6q,202401,ncgkwcQrfmc,WqJbrPSR8Fw,fpkkdSpN6kR,1
VNDgVg0Qu6q,202401,ncgkwcQrfmc,XNwpsOtZqZ7,fpkkdSpN6kR,21
VNDgVg0Qu6q,202401,ncgkwcQrfmc,UHhkBEuP3dM,fpkkdSpN6kR,1
VNDgVg0Qu6q,202401,ncgkwcQrfmc,eWZ9pLuoud6,fpkkdSpN6kR,1
VNDgVg0Qu6q,202401,ncgkwcQrfmc,HHNIVEQ5nuS,fpkkdSpN6kR,3
VNDgVg0Qu6q,202401,ncgkwcQrfmc,dEzyvJbZDB3,fpkkdSpN6kR,38
VNDgVg0Qu6q,202401,ncgkwcQrfmc,s9S6rnxbEJX,fpkkdSpN6kR,30
tJlM4YEEM4k,202401,ncgkwcQrfmc,jdxz3BPvvd9,fpkkdSpN6kR,13
tJlM4YEEM4k,202401,ncgkwcQrfmc,av5SLNg5sEH,fpkkdSpN6kR,7
WSCdT9MA3zR,202401,ncgkwcQrfmc,x2XS0gZjVM5,fpkkdSpN6kR,4
WSCdT9MA3zR,202401,ncgkwcQrfmc,quuQydzRRYr,fpkkdSpN6kR,268
WSCdT9MA3zR,202401,ncgkwcQrfmc,DvTQ1M0YKDL,fpkkdSpN6kR,138
WSCdT9MA3zR,202401,ncgkwcQrfmc,mWV0S9ONsDr,fpkkdSpN6kR,330
WSCdT9MA3zR,202401,ncgkwcQrfmc,CjkOeYhKgyd,fpkkdSpN6kR,106
WSCdT9MA3zR,202401,ncgkwcQrfmc,ODzSDZe6Rcd,fpkkdSpN6kR,257
WSCdT9MA3zR,202401,ncgkwcQrfmc,SlEwyAcZ6PT,fpkkdSpN6kR,2
WSCdT9MA3zR,202401,ncgkwcQrfmc,nfmjGljeRhV,fpkkdSpN6kR,20
WSCdT9MA3zR,202401,ncgkwcQrfmc,lfN1KMrTCKx,fpkkdSpN6kR,19
WSCdT9MA3zR,202401,ncgkwcQrfmc,CZBwq4hH66y,fpkkdSpN6kR,1
WSCdT9MA3zR,202401,ncgkwcQrfmc,WEA0tWGsyhu,fpkkdSpN6kR,100
WSCdT9MA3zR,202401,ncgkwcQrfmc,vTyvdlVdej7,fpkkdSpN6kR,350
WSCdT9MA3zR,202401,ncgkwcQrfmc,MnpFkuVn1ya,fpkkdSpN6kR,5
WSCdT9MA3zR,202401,ncgkwcQrfmc,cCsUBYwDFw8,fpkkdSpN6kR,145
WSCdT9MA3zR,202401,ncgkwcQrfmc,Vu4Xw67Ilyu,fpkkdSpN6kR,171
WSCdT9MA3zR,202401,ncgkwcQrfmc,pPpeGzQML5E,fpkkdSpN6kR,14
WSCdT9MA3zR,202401,ncgkwcQrfmc,EUJTNxDfEfk,fpkkdSpN6kR,5
WSCdT9MA3zR,202401,ncgkwcQrfmc,SToA5NvmPp4,fpkkdSpN6kR,11
WSCdT9MA3zR,202401,ncgkwcQrfmc,VQUPspLZjcS,fpkkdSpN6kR,10
WSCdT9MA3zR,202401,ncgkwcQrfmc,IqcQf7O8DJ4,fpkkdSpN6kR,70
WSCdT9MA3zR,202401,ncgkwcQrfmc,Lh6vJU5KqJN,fpkkdSpN6kR,92
WSCdT9MA3zR,202401,ncgkwcQrfmc,wwJ6573UEAH,fpkkdSpN6kR,20
WSCdT9MA3zR,202401,ncgkwcQrfmc,nbKqeO15S5X,fpkkdSpN6kR,252
WSCdT9MA3zR,202401,ncgkwcQrfmc,se3wDWB7uar,fpkkdSpN6kR,2
WSCdT9MA3zR,202401,ncgkwcQrfmc,FdMdjYtB3HB,fpkkdSpN6kR,25
WSCdT9MA3zR,202401,ncgkwcQrfmc,JrrO1VhOxmS,fpkkdSpN6kR,425
WSCdT9MA3zR,202401,ncgkwcQrfmc,EPuQFmtGoyv,fpkkdSpN6kR,7
WSCdT9MA3zR,202401,ncgkwcQrfmc,FKO2S1c1g7j,fpkkdSpN6kR,4
WSCdT9MA3zR,202401,ncgkwcQrfmc,ecWiKY3G5Kc,fpkkdSpN6kR,54
XT6eIIXtcbP,202401,ncgkwcQrfmc,gKLqg6TwA3D,fpkkdSpN6kR,2
XT6eIIXtcbP,202401,ncgkwcQrfmc,kaaNhSVIuvJ,fpkkdSpN6kR,4
XT6eIIXtcbP,202401,ncgkwcQrfmc,WPNw0kpjhkn,fpkkdSpN6kR,25
XT6eIIXtcbP,202401,ncgkwcQrfmc,CcntAiMGCTW,fpkkdSpN6kR,16
XT6eIIXtcbP,202401,ncgkwcQrfmc,yvSKoEcGk6T,fpkkdSpN6kR,19
XT6eIIXtcbP,202401,ncgkwcQrfmc,MekJGFtyL9J,fpkkdSpN6kR,24
XT6eIIXtcbP,202401,ncgkwcQrfmc,iJt278Sgpgb,fpkkdSpN6kR,11
XT6eIIXtcbP,202401,ncgkwcQrfmc,bg2qwTLbusX,fpkkdSpN6kR,19
XT6eIIXtcbP,202401,ncgkwcQrfmc,mfLuHDmhrtr,fpkkdSpN6kR,4
XT6eIIXtcbP,202401,ncgkwcQrfmc,lnSNvuTP3lG,fpkkdSpN6kR,7
XT6eIIXtcbP,202401,ncgkwcQrfmc,G5sYGWBFrrD,fpkkdSpN6kR,2
XT6eIIXtcbP,202401,ncgkwcQrfmc,CCQn8051t8h,fpkkdSpN6kR,1
XT6eIIXtcbP,202401,ncgkwcQrfmc,dw5rlrUzaEi,fpkkdSpN6kR,2
WdwIasN430x,202401,ncgkwcQrfmc,GUre5Oy54QX,fpkkdSpN6kR,1
WdwIasN430x,202401,ncgkwcQrfmc,WKfL1KzbtpP,fpkkdSpN6kR,1
WdwIasN430x,202401,ncgkwcQrfmc,bW4Qs6HW26z,fpkkdSpN6kR,1
WdwIasN430x,202401,ncgkwcQrfmc,lgc3TeCO8I4,fpkkdSpN6kR,1
WdwIasN430x,202401,ncgkwcQrfmc,JtfzYEWfiFz,fpkkdSpN6kR,1
iAs2TWV18M4,202401,ncgkwcQrfmc,g10r90Dfqno,fpkkdSpN6kR,0
iAs2TWV18M4,202401,ncgkwcQrfmc,Qmd2frB3e8F,fpkkdSpN6kR,0
iAs2TWV18M4,202401,ncgkwcQrfmc,TT9hQ7SaHea,fpkkdSpN6kR,0
iAs2TWV18M4,202401,ncgkwcQrfmc,nMsMRcdsXmy,fpkkdSpN6kR,2
iAs2TWV18M4,202401,ncgkwcQrfmc,BqGKadWCFhx,fpkkdSpN6kR,1
iAs2TWV18M4,202401,ncgkwcQrfmc,wcvVlUrzbYG,fpkkdSpN6kR,0
iAs2TWV18M4,202401,ncgkwcQrfmc,subJjGY0UcE,fpkkdSpN6kR,1
iAs2TWV18M4,202401,ncgkwcQrfmc,N78akNFqLex,fpkkdSpN6kR,3
iAs2TWV18M4,202401,ncgkwcQrfmc,tpKwyj8il3w,fpkkdSpN6kR,2
iAs2TWV18M4,202401,ncgkwcQrfmc,onwJ6bulsyi,fpkkdSpN6kR,0
iAs2TWV18M4,202401,ncgkwcQrfmc,Mwqc3GO1kId,fpkkdSpN6kR,0
iAs2TWV18M4,202401,ncgkwcQrfmc,pUXn4laGtJe,fpkkdSpN6kR,0
iAs2TWV18M4,202401,ncgkwcQrfmc,SmLUO99wdfb,fpkkdSpN6kR,2
iAs2TWV18M4,202401,ncgkwcQrfmc,udSjk1sKgO5,fpkkdSpN6kR,2
iAs2TWV18M4,202401,ncgkwcQrfmc,IzV4BuohS90,fpkkdSpN6kR,1
iAs2TWV18M4,202401,ncgkwcQrfmc,US2dWooI6pT,fpkkdSpN6kR,0
iAs2TWV18M4,202401,ncgkwcQrfmc,EMovAqLcbGq,fpkkdSpN6kR,1
iAs2TWV18M4,202401,ncgkwcQrfmc,pdPUNjzab6h,fpkkdSpN6kR,3
iAs2TWV18M4,202401,ncgkwcQrfmc,GnlieRaxUWw,fpkkdSpN6kR,0
iAs2TWV18M4,202401,ncgkwcQrfmc,FZZZIfer5tA,fpkkdSpN6kR,1
iAs2TWV18M4,202401,ncgkwcQrfmc,dwskguR0DV8,fpkkdSpN6kR,1
iAs2TWV18M4,202401,ncgkwcQrfmc,RQXs6B8Td4v,fpkkdSpN6kR,0
iAs2TWV18M4,202401,ncgkwcQrfmc,GliuFJTAsAp,fpkkdSpN6kR,3
iAs2TWV18M4,202401,ncgkwcQrfmc,qbzDBEJWFMB,fpkkdSpN6kR,0
iAs2TWV18M4,202401,ncgkwcQrfmc,RT7QsVY15yL,fpkkdSpN6kR,0
iAs2TWV18M4,202401,ncgkwcQrfmc,W909S6WDrZ8,fpkkdSpN6kR,0
iAs2TWV18M4,202401,ncgkwcQrfmc,ETwXuMGk1iE,fpkkdSpN6kR,0
iAs2TWV18M4,202401,ncgkwcQrfmc,nJlZC7BrpYs,fpkkdSpN6kR,0
iAs2TWV18M4,202401,ncgkwcQrfmc,Il7UBf5AxcH,fpkkdSpN6kR,0
iAs2TWV18M4,202401,ncgkwcQrfmc,TSt8KAsSu0I,fpkkdSpN6kR,0
DXVx1DL5dsr,202401,ncgkwcQrfmc,nGJXo1z1K0l,fpkkdSpN6kR,36
DXVx1DL5dsr,202401,ncgkwcQrfmc,IFU5i3dgggh,fpkkdSpN6kR,4
DXVx1DL5dsr,202401,ncgkwcQrfmc,S5R0uMYe6mp,fpkkdSpN6kR,102
DXVx1DL5dsr,202401,ncgkwcQrfmc,NWZlLBLhMix,fpkkdSpN6kR,145
JYHSPcrYyCl,202401,ncgkwcQrfmc,nxXvGEMCaIZ,fpkkdSpN6kR,1
JYHSPcrYyCl,202401,ncgkwcQrfmc,xn86H5ymKfj,fpkkdSpN6kR,1
JYHSPcrYyCl,202401,ncgkwcQrfmc,wHPyEqwp4xT,fpkkdSpN6kR,17
JYHSPcrYyCl,202401,ncgkwcQrfmc,JG1xrfrS9bo,fpkkdSpN6kR,32
FxrH5b7Kwzd,202401,ncgkwcQrfmc,FXjBdlZqhPj,fpkkdSpN6kR,3
FxrH5b7Kwzd,202401,ncgkwcQrfmc,DdbOZH9RV9f,fpkkdSpN6kR,14
FxrH5b7Kwzd,202401,ncgkwcQrfmc,Kcy4950N12q,fpkkdSpN6kR,6
FxrH5b7Kwzd,202401,ncgkwcQrfmc,TPiYG5Pc6ce,fpkkdSpN6kR,5
FxrH5b7Kwzd,202401,ncgkwcQrfmc,gIxJ7P1RBz8,fpkkdSpN6kR,3
FxrH5b7Kwzd,202401,ncgkwcQrfmc,yjBrNi80u9E,fpkkdSpN6kR,10
FxrH5b7Kwzd,202401,ncgkwcQrfmc,cYqPdGWmGYh,fpkkdSpN6kR,1
FxrH5b7Kwzd,202401,ncgkwcQrfmc,YlbPFunlk1s,fpkkdSpN6kR,4
FxrH5b7Kwzd,202401,ncgkwcQrfmc,uKjgMw1KB5x,fpkkdSpN6kR,5
FxrH5b7Kwzd,202401,ncgkwcQrfmc,pYnOAMiLfO6,fpkkdSpN6kR,21
FxrH5b7Kwzd,202401,ncgkwcQrfmc,wNzYh5uPXHM,fpkkdSpN6kR,1
FxrH5b7Kwzd,202401,ncgkwcQrfmc,x2ieZXGZl78,fpkkdSpN6kR,1
FxrH5b7Kwzd,202401,ncgkwcQrfmc,Sd4aQy26rFi,fpkkdSpN6kR,1
FxrH5b7Kwzd,202401,ncgkwcQrfmc,uBk7sWecTIY,fpkkdSpN6kR,3
FxrH5b7Kwzd,202401,ncgkwcQrfmc,XZxdFU0BXnr,fpkkdSpN6kR,1
FxrH5b7Kwzd,202401,ncgkwcQrfmc,UvZoBfy42Qs,fpkkdSpN6kR,4
FxrH5b7Kwzd,202401,ncgkwcQrfmc,HsAHzk4Vl93,fpkkdSpN6kR,1
KNTjljie7zK,202401,ncgkwcQrfmc,i8XjLLcYFQ0,fpkkdSpN6kR,3
KNTjljie7zK,202401,ncgkwcQrfmc,rr0B2QgvAef,fpkkdSpN6kR,4
KNTjljie7zK,202401,ncgkwcQrfmc,X5xj15uDbgs,fpkkdSpN6kR,31
KNTjljie7zK,202401,ncgkwcQrfmc,bCyZSg17JCh,fpkkdSpN6kR,5
KNTjljie7zK,202401,ncgkwcQrfmc,MfnIuqJBON3,fpkkdSpN6kR,16
KNTjljie7zK,202401,ncgkwcQrfmc,OhhHZYDNsDm,fpkkdSpN6kR,17
KNTjljie7zK,202401,ncgkwcQrfmc,rhcvgDG6fMd,fpkkdSpN6kR,1
KNTjljie7zK,202401,ncgkwcQrfmc,hevmywRQcUX,fpkkdSpN6kR,14
KNTjljie7zK,202401,ncgkwcQrfmc,IpFwuOjRWYw,fpkkdSpN6kR,19
KNTjljie7zK,202401,ncgkwcQrfmc,KtSxtKXCBAM,fpkkdSpN6kR,2
KNTjljie7zK,202401,ncgkwcQrfmc,yNigayFJVft,fpkkdSpN6kR,1
KNTjljie7zK,202401,ncgkwcQrfmc,IBj3cDZRReC,fpkkdSpN6kR,20
KNTjljie7zK,202401,ncgkwcQrfmc,tSqGKhS84IU,fpkkdSpN6kR,3
KNTjljie7zK,202401,ncgkwcQrfmc,PGGFIYVib5v,fpkkdSpN6kR,1
KNTjljie7zK,202401,ncgkwcQrfmc,cHlxHf4elbc,fpkkdSpN6kR,24
KNTjljie7zK,202401,ncgkwcQrfmc,sxzACDNzTDU,fpkkdSpN6kR,1
KNTjljie7zK,202401,ncgkwcQrfmc,MNpQQz8SBKR,fpkkdSpN6kR,30
KNTjljie7zK,202401,ncgkwcQrfmc,xphgMyGQLjV,fpkkdSpN6kR,2
KNTjljie7zK,202401,ncgkwcQrfmc,dWYMHiPcjfy,fpkkdSpN6kR,17
KNTjljie7zK,202401,ncgkwcQrfmc,hAFM52dsVpn,fpkkdSpN6kR,34
KNTjljie7zK,202401,ncgkwcQrfmc,ilVomehPXtq,fpkkdSpN6kR,1
KNTjljie7zK,202401,ncgkwcQrfmc,c3dCIYxNkjJ,fpkkdSpN6kR,3
KNTjljie7zK,202401,ncgkwcQrfmc,uRVScpaEgtM,fpkkdSpN6kR,1
KNTjljie7zK,202401,ncgkwcQrfmc,U8fOSUDy1C7,fpkkdSpN6kR,1
KNTjljie7zK,202401,ncgkwcQrfmc,UBWU4Hp8Kn6,fpkkdSpN6kR,1
KNTjljie7zK,202401,ncgkwcQrfmc,VVF7z6F6SK9,fpkkdSpN6kR,2
KNTjljie7zK,202401,ncgkwcQrfmc,oRu3kzlO5lG,fpkkdSpN6kR,7
KNTjljie7zK,202401,ncgkwcQrfmc,Ge4NI6Tx4S1,fpkkdSpN6kR,2
KNTjljie7zK,202401,ncgkwcQrfmc,tcD7DIjgVBD,fpkkdSpN6kR,15
KNTjljie7zK,202401,ncgkwcQrfmc,Aw6ZcD74Dur,fpkkdSpN6kR,3
NofAG62qX1X,202401,ncgkwcQrfmc,FXjBdlZqhPj,fpkkdSpN6kR,24
NofAG62qX1X,202401,ncgkwcQrfmc,Gk56yOOfFfT,fpkkdSpN6kR,4
NofAG62qX1X,202401,ncgkwcQrfmc,pXZ5ROopsKI,fpkkdSpN6kR,3
NofAG62qX1X,202401,ncgkwcQrfmc,bLmQXInnErg,fpkkdSpN6kR,7
NofAG62qX1X,202401,ncgkwcQrfmc,TibW6J8dq1g,fpkkdSpN6kR,1
NofAG62qX1X,202401,ncgkwcQrfmc,DdbOZH9RV9f,fpkkdSpN6kR,11
NofAG62qX1X,202401,ncgkwcQrfmc,Kcy4950N12q,fpkkdSpN6kR,23
NofAG62qX1X,202401,ncgkwcQrfmc,XbGS8645beG,fpkkdSpN6kR,3
NofAG62qX1X,202401,ncgkwcQrfmc,TPiYG5Pc6ce,fpkkdSpN6kR,39
NofAG62qX1X,202401,ncgkwcQrfmc,vHjUC2quHIh,fpkkdSpN6kR,9
NofAG62qX1X,202401,ncgkwcQrfmc,QHvysmXYhFq,fpkkdSpN6kR,3
NofAG62qX1X,202401,ncgkwcQrfmc,gIxJ7P1RBz8,fpkkdSpN6kR,23
NofAG62qX1X,202401,ncgkwcQrfmc,yjBrNi80u9E,fpkkdSpN6kR,19
NofAG62qX1X,202401,ncgkwcQrfmc,RQqLlUYtGef,fpkkdSpN6kR,11
NofAG62qX1X,202401,ncgkwcQrfmc,YlbPFunlk1s,fpkkdSpN6kR,32
NofAG62qX1X,202401,ncgkwcQrfmc,l1KIGJAzIlD,fpkkdSpN6kR,12
NofAG62qX1X,202401,ncgkwcQrfmc,uKjgMw1KB5x,fpkkdSpN6kR,9
NofAG62qX1X,202401,ncgkwcQrfmc,pYnOAMiLfO6,fpkkdSpN6kR,17
NofAG62qX1X,202401,ncgkwcQrfmc,wNzYh5uPXHM,fpkkdSpN6kR,2
NofAG62qX1X,202401,ncgkwcQrfmc,x2ieZXGZl78,fpkkdSpN6kR,22
NofAG62qX1X,202401,ncgkwcQrfmc,Sd4aQy26rFi,fpkkdSpN6kR,18
NofAG62qX1X,202401,ncgkwcQrfmc,uBk7sWecTIY,fpkkdSpN6kR,6
NofAG62qX1X,202401,ncgkwcQrfmc,XZxdFU0BXnr,fpkkdSpN6kR,5
NofAG62qX1X,202401,ncgkwcQrfmc,UvZoBfy42Qs,fpkkdSpN6kR,32
NofAG62qX1X,202401,ncgkwcQrfmc,HsAHzk4Vl93,fpkkdSpN6kR,7
yYbxdHWzW4Z,202401,ncgkwcQrfmc,TT9hQ7SaHea,fpkkdSpN6kR,12
yYbxdHWzW4Z,202401,ncgkwcQrfmc,nMsMRcdsXmy,fpkkdSpN6kR,6
yYbxdHWzW4Z,202401,ncgkwcQrfmc,BqGKadWCFhx,fpkkdSpN6kR,14
yYbxdHWzW4Z,202401,ncgkwcQrfmc,wcvVlUrzbYG,fpkkdSpN6kR,19
yYbxdHWzW4Z,202401,ncgkwcQrfmc,subJjGY0UcE,fpkkdSpN6kR,56
yYbxdHWzW4Z,202401,ncgkwcQrfmc,N78akNFqLex,fpkkdSpN6kR,25
yYbxdHWzW4Z,202401,ncgkwcQrfmc,tpKwyj8il3w,fpkkdSpN6kR,156
yYbxdHWzW4Z,202401,ncgkwcQrfmc,onwJ6bulsyi,fpkkdSpN6kR,29
yYbxdHWzW4Z,202401,ncgkwcQrfmc,Mwqc3GO1kId,fpkkdSpN6kR,270
yYbxdHWzW4Z,202401,ncgkwcQrfmc,pUXn4laGtJe,fpkkdSpN6kR,53
yYbxdHWzW4Z,202401,ncgkwcQrfmc,SmLUO99wdfb,fpkkdSpN6kR,287
yYbxdHWzW4Z,202401,ncgkwcQrfmc,udSjk1sKgO5,fpkkdSpN6kR,118
yYbxdHWzW4Z,202401,ncgkwcQrfmc,IzV4BuohS90,fpkkdSpN6kR,307
yYbxdHWzW4Z,202401,ncgkwcQrfmc,US2dWooI6pT,fpkkdSpN6kR,161
yYbxdHWzW4Z,202401,ncgkwcQrfmc,EMovAqLcbGq,fpkkdSpN6kR,284
yYbxdHWzW4Z,202401,ncgkwcQrfmc,pdPUNjzab6h,fpkkdSpN6kR,177
yYbxdHWzW4Z,202401,ncgkwcQrfmc,GnlieRaxUWw,fpkkdSpN6kR,204
yYbxdHWzW4Z,202401,ncgkwcQrfmc,FZZZIfer5tA,fpkkdSpN6kR,184
yYbxdHWzW4Z,202401,ncgkwcQrfmc,dwskguR0DV8,fpkkdSpN6kR,13
yYbxdHWzW4Z,202401,ncgkwcQrfmc,RQXs6B8Td4v,fpkkdSpN6kR,15
yYbxdHWzW4Z,202401,ncgkwcQrfmc,GliuFJTAsAp,fpkkdSpN6kR,49
yYbxdHWzW4Z,202401,ncgkwcQrfmc,qbzDBEJWFMB,fpkkdSpN6kR,73
yYbxdHWzW4Z,202401,ncgkwcQrfmc,RT7QsVY15yL,fpkkdSpN6kR,110
yYbxdHWzW4Z,202401,ncgkwcQrfmc,W909S6WDrZ8,fpkkdSpN6kR,84
yYbxdHWzW4Z,202401,ncgkwcQrfmc,ETwXuMGk1iE,fpkkdSpN6kR,48
yYbxdHWzW4Z,202401,ncgkwcQrfmc,nJlZC7BrpYs,fpkkdSpN6kR,23
yYbxdHWzW4Z,202401,ncgkwcQrfmc,Il7UBf5AxcH,fpkkdSpN6kR,154
yYbxdHWzW4Z,202401,ncgkwcQrfmc,TSt8KAsSu0I,fpkkdSpN6kR,24
NbWWX36N1lE,202401,ncgkwcQrfmc,kaaNhSVIuvJ,fpkkdSpN6kR,1
NbWWX36N1lE,202401,ncgkwcQrfmc,CcntAiMGCTW,fpkkdSpN6kR,1
NbWWX36N1lE,202401,ncgkwcQrfmc,yvSKoEcGk6T,fpkkdSpN6kR,2
NbWWX36N1lE,202401,ncgkwcQrfmc,MekJGFtyL9J,fpkkdSpN6kR,2
NbWWX36N1lE,202401,ncgkwcQrfmc,iJt278Sgpgb,fpkkdSpN6kR,1
NbWWX36N1lE,202401,ncgkwcQrfmc,mfLuHDmhrtr,fpkkdSpN6kR,1
NbWWX36N1lE,202401,ncgkwcQrfmc,CCQn8051t8h,fpkkdSpN6kR,1
cxpeN1EljC9,202401,ncgkwcQrfmc,dyc1BIC7u6k,fpkkdSpN6kR,1
cxpeN1EljC9,202401,ncgkwcQrfmc,Tu0NXm02rVd,fpkkdSpN6kR,1
cxpeN1EljC9,202401,ncgkwcQrfmc,KBLWP2rImGi,fpkkdSpN6kR,1
kwOWlAWsyQ0,202401,ncgkwcQrfmc,dzmbEz3NylS,fpkkdSpN6kR,1
kwOWlAWsyQ0,202401,ncgkwcQrfmc,RGADiK5GXdd,fpkkdSpN6kR,1
kwOWlAWsyQ0,202401,ncgkwcQrfmc,swkt0ewUhOD,fpkkdSpN6kR,1
kwOWlAWsyQ0,202401,ncgkwcQrfmc,nXLLwbzi699,fpkkdSpN6kR,1
kwOWlAWsyQ0,202401,ncgkwcQrfmc,ZY7LYKGSpky,fpkkdSpN6kR,1
kwOWlAWsyQ0,202401,ncgkwcQrfmc,XdxZ2EiCCBl,fpkkdSpN6kR,2
kwOWlAWsyQ0,202401,ncgkwcQrfmc,yoVG8y9VPie,fpkkdSpN6kR,1
kwOWlAWsyQ0,202401,ncgkwcQrfmc,H4lrHuDhSrp,fpkkdSpN6kR,1
kwOWlAWsyQ0,202401,ncgkwcQrfmc,DyB6aUOkSuO,fpkkdSpN6kR,2
kwOWlAWsyQ0,202401,ncgkwcQrfmc,JKOCPbjIdD7,fpkkdSpN6kR,1
kwOWlAWsyQ0,202401,ncgkwcQrfmc,QDO3HByrCkY,fpkkdSpN6kR,1
kwOWlAWsyQ0,202401,ncgkwcQrfmc,IEwVfn2NDyB,fpkkdSpN6kR,5
kwOWlAWsyQ0,202401,ncgkwcQrfmc,IKQEqJGmjJP,fpkkdSpN6kR,1
kwOWlAWsyQ0,202401,ncgkwcQrfmc,aEnuwvyxAiT,fpkkdSpN6kR,2
kwOWlAWsyQ0,202401,ncgkwcQrfmc,y6JxfkFpytI,fpkkdSpN6kR,1
kwOWlAWsyQ0,202401,ncgkwcQrfmc,vH0gkmJgAKg,fpkkdSpN6kR,2
kwOWlAWsyQ0,202401,ncgkwcQrfmc,jBEx4ja6iA9,fpkkdSpN6kR,4
RFHVtMXncsK,202401,ncgkwcQrfmc,subJjGY0UcE,fpkkdSpN6kR,56
RFHVtMXncsK,202401,ncgkwcQrfmc,N78akNFqLex,fpkkdSpN6kR,25
RFHVtMXncsK,202401,ncgkwcQrfmc,tpKwyj8il3w,fpkkdSpN6kR,156
RFHVtMXncsK,202401,ncgkwcQrfmc,onwJ6bulsyi,fpkkdSpN6kR,29
RFHVtMXncsK,202401,ncgkwcQrfmc,Mwqc3GO1kId,fpkkdSpN6kR,270
RFHVtMXncsK,202401,ncgkwcQrfmc,pUXn4laGtJe,fpkkdSpN6kR,53
RFHVtMXncsK,202401,ncgkwcQrfmc,SmLUO99wdfb,fpkkdSpN6kR,287
RFHVtMXncsK,202401,ncgkwcQrfmc,udSjk1sKgO5,fpkkdSpN6kR,118
RFHVtMXncsK,202401,ncgkwcQrfmc,IzV4BuohS90,fpkkdSpN6kR,307
RFHVtMXncsK,202401,ncgkwcQrfmc,US2dWooI6pT,fpkkdSpN6kR,161
RFHVtMXncsK,202401,ncgkwcQrfmc,EMovAqLcbGq,fpkkdSpN6kR,284
RFHVtMXncsK,202401,ncgkwcQrfmc,pdPUNjzab6h,fpkkdSpN6kR,177
RFHVtMXncsK,202401,ncgkwcQrfmc,GnlieRaxUWw,fpkkdSpN6kR,204
RFHVtMXncsK,202401,ncgkwcQrfmc,FZZZIfer5tA,fpkkdSpN6kR,184
RFHVtMXncsK,202401,ncgkwcQrfmc,GliuFJTAsAp,fpkkdSpN6kR,49
RFHVtMXncsK,202401,ncgkwcQrfmc,qbzDBEJWFMB,fpkkdSpN6kR,73
RFHVtMXncsK,202401,ncgkwcQrfmc,RT7QsVY15yL,fpkkdSpN6kR,110
RFHVtMXncsK,202401,ncgkwcQrfmc,W909S6WDrZ8,fpkkdSpN6kR,84
RFHVtMXncsK,202401,ncgkwcQrfmc,ETwXuMGk1iE,fpkkdSpN6kR,48
RFHVtMXncsK,202401,ncgkwcQrfmc,nJlZC7BrpYs,fpkkdSpN6kR,23
RFHVtMXncsK,202401,ncgkwcQrfmc,Il7UBf5AxcH,fpkkdSpN6kR,154
RFHVtMXncsK,202401,ncgkwcQrfmc,TSt8KAsSu0I,fpkkdSpN6kR,24
wrgKfKYf7YY,202401,ncgkwcQrfmc,vBZnXIK3jwU,fpkkdSpN6kR,12
wrgKfKYf7YY,202401,ncgkwcQrfmc,M9XwjACCaTh,fpkkdSpN6kR,130
wrgKfKYf7YY,202401,ncgkwcQrfmc,sVrzvSR6Sdw,fpkkdSpN6kR,2
wrgKfKYf7YY,202401,ncgkwcQrfmc,C3InRi9SVYf,fpkkdSpN6kR,53
wrgKfKYf7YY,202401,ncgkwcQrfmc,Y0Berk5uByu,fpkkdSpN6kR,3
wrgKfKYf7YY,202401,ncgkwcQrfmc,MUCalqeA2YL,fpkkdSpN6kR,22
wrgKfKYf7YY,202401,ncgkwcQrfmc,osvh2sCkQfo,fpkkdSpN6kR,2
wrgKfKYf7YY,202401,ncgkwcQrfmc,oEcvTPYrApv,fpkkdSpN6kR,9
wrgKfKYf7YY,202401,ncgkwcQrfmc,WnC9p1lWJdo,fpkkdSpN6kR,3
wrgKfKYf7YY,202401,ncgkwcQrfmc,LnXe8MyKmCy,fpkkdSpN6kR,2
wrgKfKYf7YY,202401,ncgkwcQrfmc,pFT8r2TogtU,fpkkdSpN6kR,2
wrgKfKYf7YY,202401,ncgkwcQrfmc,tJtlXH6FnQP,fpkkdSpN6kR,2
lkkb7BPDqFj,202401,ncgkwcQrfmc,aD6eiPX70FU,fpkkdSpN6kR,8
lkkb7BPDqFj,202401,ncgkwcQrfmc,QeFHE4sq32g,fpkkdSpN6kR,10
lkkb7BPDqFj,202401,ncgkwcQrfmc,Dif9mtbh8i3,fpkkdSpN6kR,6
lkkb7BPDqFj,202401,ncgkwcQrfmc,tNyzlAIB7vx,fpkkdSpN6kR,1
lkkb7BPDqFj,202401,ncgkwcQrfmc,c6mkeqD6azv,fpkkdSpN6kR,5
lkkb7BPDqFj,202401,ncgkwcQrfmc,XbC3dUbpvVw,fpkkdSpN6kR,11
lkkb7BPDqFj,202401,ncgkwcQrfmc,zG557wOhbkW,fpkkdSpN6kR,1
lkkb7BPDqFj,202401,ncgkwcQrfmc,uGRux5knmE9,fpkkdSpN6kR,10
lkkb7BPDqFj,202401,ncgkwcQrfmc,oqMiD0sc5HO,fpkkdSpN6kR,16
lkkb7BPDqFj,202401,ncgkwcQrfmc,DBLJ8YMF2Fg,fpkkdSpN6kR,9
lkkb7BPDqFj,202401,ncgkwcQrfmc,JJPTpWQxrLS,fpkkdSpN6kR,9
lkkb7BPDqFj,202401,ncgkwcQrfmc,r4vAnOjtpjO,fpkkdSpN6kR,6
lkkb7BPDqFj,202401,ncgkwcQrfmc,mFaiGqmS1Ie,fpkkdSpN6kR,11
lkkb7BPDqFj,202401,ncgkwcQrfmc,WXDzsfdmKag,fpkkdSpN6kR,1
lkkb7BPDqFj,202401,ncgkwcQrfmc,URdmNWRfojd,fpkkdSpN6kR,12
lkkb7BPDqFj,202401,ncgkwcQrfmc,EzWHI9NRymc,fpkkdSpN6kR,5
lkkb7BPDqFj,202401,ncgkwcQrfmc,uG42nbHzm2D,fpkkdSpN6kR,19
lkkb7BPDqFj,202401,ncgkwcQrfmc,DLY7zXDK16D,fpkkdSpN6kR,4
lkkb7BPDqFj,202401,ncgkwcQrfmc,fZ8pJPKmIW2,fpkkdSpN6kR,10
Djoy0wlkxGm,202401,ncgkwcQrfmc,TT9hQ7SaHea,fpkkdSpN6kR,12
Djoy0wlkxGm,202401,ncgkwcQrfmc,nMsMRcdsXmy,fpkkdSpN6kR,6
Djoy0wlkxGm,202401,ncgkwcQrfmc,BqGKadWCFhx,fpkkdSpN6kR,14
Djoy0wlkxGm,202401,ncgkwcQrfmc,wcvVlUrzbYG,fpkkdSpN6kR,19
Djoy0wlkxGm,202401,ncgkwcQrfmc,subJjGY0UcE,fpkkdSpN6kR,56
Djoy0wlkxGm,202401,ncgkwcQrfmc,N78akNFqLex,fpkkdSpN6kR,25
Djoy0wlkxGm,202401,ncgkwcQrfmc,tpKwyj8il3w,fpkkdSpN6kR,156
Djoy0wlkxGm,202401,ncgkwcQrfmc,onwJ6bulsyi,fpkkdSpN6kR,29
Djoy0wlkxGm,202401,ncgkwcQrfmc,Mwqc3GO1kId,fpkkdSpN6kR,270
Djoy0wlkxGm,202401,ncgkwcQrfmc,pUXn4laGtJe,fpkkdSpN6kR,53
Djoy0wlkxGm,202401,ncgkwcQrfmc,SmLUO99wdfb,fpkkdSpN6kR,287
Djoy0wlkxGm,202401,ncgkwcQrfmc,udSjk1sKgO5,fpkkdSpN6kR,118
Djoy0wlkxGm,202401,ncgkwcQrfmc,IzV4BuohS90,fpkkdSpN6kR,307
Djoy0wlkxGm,202401,ncgkwcQrfmc,US2dWooI6pT,fpkkdSpN6kR,161
Djoy0wlkxGm,202401,ncgkwcQrfmc,EMovAqLcbGq,fpkkdSpN6kR,284
Djoy0wlkxGm,202401,ncgkwcQrfmc,pdPUNjzab6h,fpkkdSpN6kR,177
Djoy0wlkxGm,202401,ncgkwcQrfmc,GnlieRaxUWw,fpkkdSpN6kR,204
Djoy0wlkxGm,202401,ncgkwcQrfmc,FZZZIfer5tA,fpkkdSpN6kR,184
Djoy0wlkxGm,202401,ncgkwcQrfmc,dwskguR0DV8,fpkkdSpN6kR,13
Djoy0wlkxGm,202401,ncgkwcQrfmc,RQXs6B8Td4v,fpkkdSpN6kR,15
Djoy0wlkxGm,202401,ncgkwcQrfmc,GliuFJTAsAp,fpkkdSpN6kR,49
Djoy0wlkxGm,202401,ncgkwcQrfmc,qbzDBEJWFMB,fpkkdSpN6kR,73
Djoy0wlkxGm,202401,ncgkwcQrfmc,RT7QsVY15yL,fpkkdSpN6kR,110
Djoy0wlkxGm,202401,ncgkwcQrfmc,W909S6WDrZ8,fpkkdSpN6kR,84
Djoy0wlkxGm,202401,ncgkwcQrfmc,ETwXuMGk1iE,fpkkdSpN6kR,48
Djoy0wlkxGm,202401,ncgkwcQrfmc,nJlZC7BrpYs,fpkkdSpN6kR,23
Djoy0wlkxGm,202401,ncgkwcQrfmc,Il7UBf5AxcH,fpkkdSpN6kR,154
Djoy0wlkxGm,202401,ncgkwcQrfmc,TSt8KAsSu0I,fpkkdSpN6kR,24
HKqC2ogXNZe,202401,ncgkwcQrfmc,fPKvfFFy14U,fpkkdSpN6kR,2
HKqC2ogXNZe,202401,ncgkwcQrfmc,SsVIdjqCAfK,fpkkdSpN6kR,47
HKqC2ogXNZe,202401,ncgkwcQrfmc,sA4dlghibHT,fpkkdSpN6kR,1
HKqC2ogXNZe,202401,ncgkwcQrfmc,hlTrdU41Awm,fpkkdSpN6kR,0
HKqC2ogXNZe,202401,ncgkwcQrfmc,ClGc4D0YxC7,fpkkdSpN6kR,8
HKqC2ogXNZe,202401,ncgkwcQrfmc,vlraDB0S3iV,fpkkdSpN6kR,2
TXUyYdy9JGS,202401,ncgkwcQrfmc,Pw2yzz0TWtD,fpkkdSpN6kR,1
TXUyYdy9JGS,202401,ncgkwcQrfmc,ON7VaROLbc1,fpkkdSpN6kR,1
TXUyYdy9JGS,202401,ncgkwcQrfmc,TfXBpFmaupS,fpkkdSpN6kR,1
TXUyYdy9JGS,202401,ncgkwcQrfmc,QCmttUP00Oi,fpkkdSpN6kR,4
TXUyYdy9JGS,202401,ncgkwcQrfmc,C1AFUJA0Ckq,fpkkdSpN6kR,1
TXUyYdy9JGS,202401,ncgkwcQrfmc,MG1V9VQpQpy,fpkkdSpN6kR,2
TXUyYdy9JGS,202401,ncgkwcQrfmc,c9q7b4Vgedh,fpkkdSpN6kR,3
TXUyYdy9JGS,202401,ncgkwcQrfmc,veR7mGp0C4m,fpkkdSpN6kR,1
TXUyYdy9JGS,202401,ncgkwcQrfmc,y90B361EZB2,fpkkdSpN6kR,3
TXUyYdy9JGS,202401,ncgkwcQrfmc,ZTJVWesRsTC,fpkkdSpN6kR,1
TXUyYdy9JGS,202401,ncgkwcQrfmc,TQyWdAnDMC9,fpkkdSpN6kR,3
TXUyYdy9JGS,202401,ncgkwcQrfmc,DltANXMXQrG,fpkkdSpN6kR,1
TXUyYdy9JGS,202401,ncgkwcQrfmc,QwtCAo9A0kt,fpkkdSpN6kR,1
TXUyYdy9JGS,202401,ncgkwcQrfmc,pG0DcmRQSpl,fpkkdSpN6kR,1
TXUyYdy9JGS,202401,ncgkwcQrfmc,WqJbrPSR8Fw,fpkkdSpN6kR,1
TXUyYdy9JGS,202401,ncgkwcQrfmc,XNwpsOtZqZ7,fpkkdSpN6kR,3
TXUyYdy9JGS,202401,ncgkwcQrfmc,BmlSaWMlA5u,fpkkdSpN6kR,1
TXUyYdy9JGS,202401,ncgkwcQrfmc,v6VP5GxZ9GF,fpkkdSpN6kR,1
CihXxefFuQc,202401,ncgkwcQrfmc,uAhGWliw7tI,fpkkdSpN6kR,106
FFfaTMCNdGQ,202401,ncgkwcQrfmc,gKLqg6TwA3D,fpkkdSpN6kR,1
FFfaTMCNdGQ,202401,ncgkwcQrfmc,WPNw0kpjhkn,fpkkdSpN6kR,5
FFfaTMCNdGQ,202401,ncgkwcQrfmc,CcntAiMGCTW,fpkkdSpN6kR,1
FFfaTMCNdGQ,202401,ncgkwcQrfmc,yvSKoEcGk6T,fpkkdSpN6kR,4
FFfaTMCNdGQ,202401,ncgkwcQrfmc,iJt278Sgpgb,fpkkdSpN6kR,1
FFfaTMCNdGQ,202401,ncgkwcQrfmc,bg2qwTLbusX,fpkkdSpN6kR,3
FFfaTMCNdGQ,202401,ncgkwcQrfmc,lnSNvuTP3lG,fpkkdSpN6kR,3
FFfaTMCNdGQ,202401,ncgkwcQrfmc,G5sYGWBFrrD,fpkkdSpN6kR,1
FFfaTMCNdGQ,202401,ncgkwcQrfmc,CCQn8051t8h,fpkkdSpN6kR,2
FFfaTMCNdGQ,202401,ncgkwcQrfmc,n9rPd1u08uk,fpkkdSpN6kR,1
JBmvSgDh2gM,202401,ncgkwcQrfmc,fMHtnUYG9cF,fpkkdSpN6kR,2
JBmvSgDh2gM,202401,ncgkwcQrfmc,LweO5DFYc2D,fpkkdSpN6kR,1
JBmvSgDh2gM,202401,ncgkwcQrfmc,krdyr5qQh4q,fpkkdSpN6kR,3
JBmvSgDh2gM,202401,ncgkwcQrfmc,BCjPyMj5UzU,fpkkdSpN6kR,1
JBmvSgDh2gM,202401,ncgkwcQrfmc,BTgbpNHqq5p,fpkkdSpN6kR,1
JBmvSgDh2gM,202401,ncgkwcQrfmc,NX2LGWa28sB,fpkkdSpN6kR,2
JBmvSgDh2gM,202401,ncgkwcQrfmc,JtH89cVawmk,fpkkdSpN6kR,2
JBmvSgDh2gM,202401,ncgkwcQrfmc,UOAALS5chnA,fpkkdSpN6kR,1
JBmvSgDh2gM,202401,ncgkwcQrfmc,dyc1BIC7u6k,fpkkdSpN6kR,4
JBmvSgDh2gM,202401,ncgkwcQrfmc,JbMrvRRY15t,fpkkdSpN6kR,3
JBmvSgDh2gM,202401,ncgkwcQrfmc,cmYP9iAUxMG,fpkkdSpN6kR,1
JBmvSgDh2gM,202401,ncgkwcQrfmc,MJoVqqZ7lT8,fpkkdSpN6kR,3
JBmvSgDh2gM,202401,ncgkwcQrfmc,KyuebmrlGpz,fpkkdSpN6kR,2
JBmvSgDh2gM,202401,ncgkwcQrfmc,eJcvGBqvIMX,fpkkdSpN6kR,3
JBmvSgDh2gM,202401,ncgkwcQrfmc,ACaZkYRXfk1,fpkkdSpN6kR,1
JBmvSgDh2gM,202401,ncgkwcQrfmc,oL44Ir3rSEp,fpkkdSpN6kR,3
JBmvSgDh2gM,202401,ncgkwcQrfmc,WKfL1KzbtpP,fpkkdSpN6kR,3
JBmvSgDh2gM,202401,ncgkwcQrfmc,SFHtKP43Rap,fpkkdSpN6kR,1
JBmvSgDh2gM,202401,ncgkwcQrfmc,ALc6wotdx2X,fpkkdSpN6kR,2
JBmvSgDh2gM,202401,ncgkwcQrfmc,XYrVHcKhLor,fpkkdSpN6kR,3
JBmvSgDh2gM,202401,ncgkwcQrfmc,CwdoE8JTeNs,fpkkdSpN6kR,5
JBmvSgDh2gM,202401,ncgkwcQrfmc,bW4Qs6HW26z,fpkkdSpN6kR,1
JBmvSgDh2gM,202401,ncgkwcQrfmc,IIVhaj6lty4,fpkkdSpN6kR,1
JBmvSgDh2gM,202401,ncgkwcQrfmc,gdR2vM5kcHH,fpkkdSpN6kR,2
JBmvSgDh2gM,202401,ncgkwcQrfmc,VS8T1yrcSSM,fpkkdSpN6kR,1
JBmvSgDh2gM,202401,ncgkwcQrfmc,G7H4bHIQtAB,fpkkdSpN6kR,1
JBmvSgDh2gM,202401,ncgkwcQrfmc,Oto7G73oWfg,fpkkdSpN6kR,1
JBmvSgDh2gM,202401,ncgkwcQrfmc,IjIK1bZ1UXV,fpkkdSpN6kR,3
JBmvSgDh2gM,202401,ncgkwcQrfmc,JtfzYEWfiFz,fpkkdSpN6kR,1
JBmvSgDh2gM,202401,ncgkwcQrfmc,m8zplD3Dfuv,fpkkdSpN6kR,5
JBmvSgDh2gM,202401,ncgkwcQrfmc,gKhRTS2pZnw,fpkkdSpN6kR,1
JBmvSgDh2gM,202401,ncgkwcQrfmc,uTpiVGcJQfN,fpkkdSpN6kR,1
JBmvSgDh2gM,202401,ncgkwcQrfmc,sFvv8PgRZmk,fpkkdSpN6kR,1
JBmvSgDh2gM,202401,ncgkwcQrfmc,LQ3v2aT1ZFD,fpkkdSpN6kR,1
JBmvSgDh2gM,202401,ncgkwcQrfmc,I1zNRxrTk1t,fpkkdSpN6kR,1
JBmvSgDh2gM,202401,ncgkwcQrfmc,HZb7NK3P1iy,fpkkdSpN6kR,1
GKMKvoUs0po,202401,ncgkwcQrfmc,hBeYY2AjNX0,fpkkdSpN6kR,56
GKMKvoUs0po,202401,ncgkwcQrfmc,XFH3VGZuPoQ,fpkkdSpN6kR,100
GKMKvoUs0po,202401,ncgkwcQrfmc,KKsf4blrDfT,fpkkdSpN6kR,121
GKMKvoUs0po,202401,ncgkwcQrfmc,NK6aQK4JSbK,fpkkdSpN6kR,57
GKMKvoUs0po,202401,ncgkwcQrfmc,AtxKJMnOwFj,fpkkdSpN6kR,42
GKMKvoUs0po,202401,ncgkwcQrfmc,nXjpct2pByl,fpkkdSpN6kR,4
GKMKvoUs0po,202401,ncgkwcQrfmc,KB6uqz8prB4,fpkkdSpN6kR,1
SJgHhx7ORrY,202401,ncgkwcQrfmc,AsqykcIY5FD,fpkkdSpN6kR,3
SJgHhx7ORrY,202401,ncgkwcQrfmc,g1o9I3Se610,fpkkdSpN6kR,47
SJgHhx7ORrY,202401,ncgkwcQrfmc,N8l2wM1Jz3o,fpkkdSpN6kR,32
SJgHhx7ORrY,202401,ncgkwcQrfmc,VgEEeoxdyRS,fpkkdSpN6kR,47
SJgHhx7ORrY,202401,ncgkwcQrfmc,vJMinZ62BXk,fpkkdSpN6kR,8
SJgHhx7ORrY,202401,ncgkwcQrfmc,LdflMjzIQ79,fpkkdSpN6kR,1
SJgHhx7ORrY,202401,ncgkwcQrfmc,xUQQz2Q1I5g,fpkkdSpN6kR,40
SJgHhx7ORrY,202401,ncgkwcQrfmc,FIIa7SB7KrU,fpkkdSpN6kR,15
SJgHhx7ORrY,202401,ncgkwcQrfmc,D89uckKESwj,fpkkdSpN6kR,5
SJgHhx7ORrY,202401,ncgkwcQrfmc,LFUVx9PuOcm,fpkkdSpN6kR,26
ECjNCAX0wnZ,202401,ncgkwcQrfmc,BqGKadWCFhx,fpkkdSpN6kR,1
ECjNCAX0wnZ,202401,ncgkwcQrfmc,subJjGY0UcE,fpkkdSpN6kR,1
ECjNCAX0wnZ,202401,ncgkwcQrfmc,N78akNFqLex,fpkkdSpN6kR,3
ECjNCAX0wnZ,202401,ncgkwcQrfmc,tpKwyj8il3w,fpkkdSpN6kR,2
ECjNCAX0wnZ,202401,ncgkwcQrfmc,onwJ6bulsyi,fpkkdSpN6kR,3
ECjNCAX0wnZ,202401,ncgkwcQrfmc,Mwqc3GO1kId,fpkkdSpN6kR,11
ECjNCAX0wnZ,202401,ncgkwcQrfmc,pUXn4laGtJe,fpkkdSpN6kR,1
ECjNCAX0wnZ,202401,ncgkwcQrfmc,SmLUO99wdfb,fpkkdSpN6kR,4
ECjNCAX0wnZ,202401,ncgkwcQrfmc,udSjk1sKgO5,fpkkdSpN6kR,5
ECjNCAX0wnZ,202401,ncgkwcQrfmc,IzV4BuohS90,fpkkdSpN6kR,6
ECjNCAX0wnZ,202401,ncgkwcQrfmc,US2dWooI6pT,fpkkdSpN6kR,6
ECjNCAX0wnZ,202401,ncgkwcQrfmc,EMovAqLcbGq,fpkkdSpN6kR,5
ECjNCAX0wnZ,202401,ncgkwcQrfmc,pdPUNjzab6h,fpkkdSpN6kR,4
ECjNCAX0wnZ,202401,ncgkwcQrfmc,GnlieRaxUWw,fpkkdSpN6kR,3
ECjNCAX0wnZ,202401,ncgkwcQrfmc,FZZZIfer5tA,fpkkdSpN6kR,7
ECjNCAX0wnZ,202401,ncgkwcQrfmc,qbzDBEJWFMB,fpkkdSpN6kR,2
ECjNCAX0wnZ,202401,ncgkwcQrfmc,RT7QsVY15yL,fpkkdSpN6kR,8
ECjNCAX0wnZ,202401,ncgkwcQrfmc,W909S6WDrZ8,fpkkdSpN6kR,5
ECjNCAX0wnZ,202401,ncgkwcQrfmc,ETwXuMGk1iE,fpkkdSpN6kR,1
ECjNCAX0wnZ,202401,ncgkwcQrfmc,nJlZC7BrpYs,fpkkdSpN6kR,2
ECjNCAX0wnZ,202401,ncgkwcQrfmc,Il7UBf5AxcH,fpkkdSpN6kR,1
M1gv0xVXfEc,202401,ncgkwcQrfmc,MLKpRKmA13c,fpkkdSpN6kR,3
M1gv0xVXfEc,202401,ncgkwcQrfmc,DACHn7ryb9W,fpkkdSpN6kR,10
M1gv0xVXfEc,202401,ncgkwcQrfmc,WWGmFl45618,fpkkdSpN6kR,2
M1gv0xVXfEc,202401,ncgkwcQrfmc,vW3m0LebL0M,fpkkdSpN6kR,5
M1gv0xVXfEc,202401,ncgkwcQrfmc,lf1S3GaVRvg,fpkkdSpN6kR,8
M1gv0xVXfEc,202401,ncgkwcQrfmc,dfqGOY8p9qy,fpkkdSpN6kR,1
M1gv0xVXfEc,202401,ncgkwcQrfmc,Cm2t3aFtGqV,fpkkdSpN6kR,1
M1gv0xVXfEc,202401,ncgkwcQrfmc,o3cvafn1olp,fpkkdSpN6kR,8
M1gv0xVXfEc,202401,ncgkwcQrfmc,vU0RQirxm4Y,fpkkdSpN6kR,5
M1gv0xVXfEc,202401,ncgkwcQrfmc,AjaFwPVelqP,fpkkdSpN6kR,8
M1gv0xVXfEc,202401,ncgkwcQrfmc,UYEwjCQ31xd,fpkkdSpN6kR,5
M1gv0xVXfEc,202401,ncgkwcQrfmc,ORC7XLANP4A,fpkkdSpN6kR,1
M1gv0xVXfEc,202401,ncgkwcQrfmc,dVRHg1DHGTU,fpkkdSpN6kR,1
M1gv0xVXfEc,202401,ncgkwcQrfmc,HRiVO37ODVd,fpkkdSpN6kR,2
M1gv0xVXfEc,202401,ncgkwcQrfmc,bbG4X0FvPIu,fpkkdSpN6kR,8
M1gv0xVXfEc,202401,ncgkwcQrfmc,Z7cD5f4gdCg,fpkkdSpN6kR,1
M1gv0xVXfEc,202401,ncgkwcQrfmc,k0M7EZZ3vIz,fpkkdSpN6kR,1
M1gv0xVXfEc,202401,ncgkwcQrfmc,ZzSEFzuzjNI,fpkkdSpN6kR,2
M1gv0xVXfEc,202401,ncgkwcQrfmc,MMdyUcYdcW8,fpkkdSpN6kR,7
M1gv0xVXfEc,202401,ncgkwcQrfmc,Z6obHsMBLne,fpkkdSpN6kR,2
M1gv0xVXfEc,202401,ncgkwcQrfmc,m9NBth7QFun,fpkkdSpN6kR,19
M1gv0xVXfEc,202401,ncgkwcQrfmc,fC84aJlgW55,fpkkdSpN6kR,2
M1gv0xVXfEc,202401,ncgkwcQrfmc,pgiJfUojvpY,fpkkdSpN6kR,2
M1gv0xVXfEc,202401,ncgkwcQrfmc,dzH5Gh8MMLK,fpkkdSpN6kR,2
M1gv0xVXfEc,202401,ncgkwcQrfmc,hY1wve28F24,fpkkdSpN6kR,3
M1gv0xVXfEc,202401,ncgkwcQrfmc,J3m3GlsHrpg,fpkkdSpN6kR,6
M1gv0xVXfEc,202401,ncgkwcQrfmc,zOAvnEJGEVP,fpkkdSpN6kR,1
M1gv0xVXfEc,202401,ncgkwcQrfmc,konK9MQ5ZBk,fpkkdSpN6kR,13
M1gv0xVXfEc,202401,ncgkwcQrfmc,nRv0lLtJ8We,fpkkdSpN6kR,1
M1gv0xVXfEc,202401,ncgkwcQrfmc,sVFQUlhByCO,fpkkdSpN6kR,1
M1gv0xVXfEc,202401,ncgkwcQrfmc,XphXsUOkAJa,fpkkdSpN6kR,5
M1gv0xVXfEc,202401,ncgkwcQrfmc,I0bCyhN5dJt,fpkkdSpN6kR,2
M1gv0xVXfEc,202401,ncgkwcQrfmc,IrlQKHn6R8P,fpkkdSpN6kR,3
c23XKLpmf6c,202401,ncgkwcQrfmc,vqzLEXEf4V9,fpkkdSpN6kR,5
c23XKLpmf6c,202401,ncgkwcQrfmc,AqBzPgMsa0W,fpkkdSpN6kR,1
c23XKLpmf6c,202401,ncgkwcQrfmc,lxD2QMnRTBR,fpkkdSpN6kR,8
c23XKLpmf6c,202401,ncgkwcQrfmc,pY2oshKHFId,fpkkdSpN6kR,1
c23XKLpmf6c,202401,ncgkwcQrfmc,xaIcuQ858uw,fpkkdSpN6kR,5
c23XKLpmf6c,202401,ncgkwcQrfmc,QqBQFej2tF3,fpkkdSpN6kR,8
c23XKLpmf6c,202401,ncgkwcQrfmc,UnWpq3kOefw,fpkkdSpN6kR,1
c23XKLpmf6c,202401,ncgkwcQrfmc,ywECp4aQNXC,fpkkdSpN6kR,7
c23XKLpmf6c,202401,ncgkwcQrfmc,eAD9HaZurFd,fpkkdSpN6kR,25
c23XKLpmf6c,202401,ncgkwcQrfmc,oqhB8b0RDca,fpkkdSpN6kR,39
c23XKLpmf6c,202401,ncgkwcQrfmc,c5QTfpdqORi,fpkkdSpN6kR,5
c23XKLpmf6c,202401,ncgkwcQrfmc,EqixWhrZbi0,fpkkdSpN6kR,19
c23XKLpmf6c,202401,ncgkwcQrfmc,SxVve1Qd7aJ,fpkkdSpN6kR,52
c23XKLpmf6c,202401,ncgkwcQrfmc,WIyr9KxTh1n,fpkkdSpN6kR,8
c23XKLpmf6c,202401,ncgkwcQrfmc,LAizAPWcFRv,fpkkdSpN6kR,47
c23XKLpmf6c,202401,ncgkwcQrfmc,qoGalmM8ovA,fpkkdSpN6kR,80
c23XKLpmf6c,202401,ncgkwcQrfmc,qEvta2i8ufV,fpkkdSpN6kR,46
c23XKLpmf6c,202401,ncgkwcQrfmc,RYUdbcehQYN,fpkkdSpN6kR,24
c23XKLpmf6c,202401,ncgkwcQrfmc,WTQQkf9lxLb,fpkkdSpN6kR,71
c23XKLpmf6c,202401,ncgkwcQrfmc,HuYfDNtpLmC,fpkkdSpN6kR,14
c23XKLpmf6c,202401,ncgkwcQrfmc,hKcltqlDOF9,fpkkdSpN6kR,128
c23XKLpmf6c,202401,ncgkwcQrfmc,b3eg11nI83l,fpkkdSpN6kR,159
c23XKLpmf6c,202401,ncgkwcQrfmc,XqqADhQGIqJ,fpkkdSpN6kR,143
c23XKLpmf6c,202401,ncgkwcQrfmc,sG8wn8NSeIM,fpkkdSpN6kR,21
c23XKLpmf6c,202401,ncgkwcQrfmc,QjKVL427UJP,fpkkdSpN6kR,93
c23XKLpmf6c,202401,ncgkwcQrfmc,Xm5iGchHzUW,fpkkdSpN6kR,6
c23XKLpmf6c,202401,ncgkwcQrfmc,FfvGUOFNmsi,fpkkdSpN6kR,269
c23XKLpmf6c,202401,ncgkwcQrfmc,R95lxnn6jgq,fpkkdSpN6kR,410
c23XKLpmf6c,202401,ncgkwcQrfmc,X3TEQtSfFqw,fpkkdSpN6kR,177
c23XKLpmf6c,202401,ncgkwcQrfmc,RvFJV7Xohir,fpkkdSpN6kR,59
c23XKLpmf6c,202401,ncgkwcQrfmc,c4Uju5wDUCX,fpkkdSpN6kR,131
c23XKLpmf6c,202401,ncgkwcQrfmc,YEH2l5PuyRr,fpkkdSpN6kR,23
c23XKLpmf6c,202401,ncgkwcQrfmc,jSmmNOXjmTX,fpkkdSpN6kR,276
c23XKLpmf6c,202401,ncgkwcQrfmc,swLUWoBUKmW,fpkkdSpN6kR,636
c23XKLpmf6c,202401,ncgkwcQrfmc,uIE4IcIgbMY,fpkkdSpN6kR,163
c23XKLpmf6c,202401,ncgkwcQrfmc,zZQRCSwUx2q,fpkkdSpN6kR,88
c23XKLpmf6c,202401,ncgkwcQrfmc,cgE7rO4DEN2,fpkkdSpN6kR,329
c23XKLpmf6c,202401,ncgkwcQrfmc,HTFsYbughLj,fpkkdSpN6kR,37
c23XKLpmf6c,202401,ncgkwcQrfmc,ly0drMzA0GB,fpkkdSpN6kR,222
c23XKLpmf6c,202401,ncgkwcQrfmc,C2g7Gpe0DDg,fpkkdSpN6kR,905
c23XKLpmf6c,202401,ncgkwcQrfmc,umGdevhoegD,fpkkdSpN6kR,118
c23XKLpmf6c,202401,ncgkwcQrfmc,joeO4ygpbbQ,fpkkdSpN6kR,106
c23XKLpmf6c,202401,ncgkwcQrfmc,XEZqu8Rnsg7,fpkkdSpN6kR,534
c23XKLpmf6c,202401,ncgkwcQrfmc,bgroIyK3I0s,fpkkdSpN6kR,28
c23XKLpmf6c,202401,ncgkwcQrfmc,SIVfuBioEKH,fpkkdSpN6kR,153
c23XKLpmf6c,202401,ncgkwcQrfmc,JO3u1ykFlnZ,fpkkdSpN6kR,1101
c23XKLpmf6c,202401,ncgkwcQrfmc,KTRaqqsbsVR,fpkkdSpN6kR,58
c23XKLpmf6c,202401,ncgkwcQrfmc,JZRTzQ3Ez03,fpkkdSpN6kR,81
c23XKLpmf6c,202401,ncgkwcQrfmc,KglAqv6KdNH,fpkkdSpN6kR,751
c23XKLpmf6c,202401,ncgkwcQrfmc,oJv2uyxLibF,fpkkdSpN6kR,28
c23XKLpmf6c,202401,ncgkwcQrfmc,TaAHJjGoXon,fpkkdSpN6kR,52
c23XKLpmf6c,202401,ncgkwcQrfmc,DZ9KYZQbHik,fpkkdSpN6kR,965
c23XKLpmf6c,202401,ncgkwcQrfmc,zZQkAp9u1Em,fpkkdSpN6kR,10
c23XKLpmf6c,202401,ncgkwcQrfmc,NqpvzsxHJrb,fpkkdSpN6kR,80
c23XKLpmf6c,202401,ncgkwcQrfmc,b5nPkZkAMD1,fpkkdSpN6kR,732
c23XKLpmf6c,202401,ncgkwcQrfmc,r18bfRDAUJd,fpkkdSpN6kR,27
c23XKLpmf6c,202401,ncgkwcQrfmc,A7eGCuTsByD,fpkkdSpN6kR,22
c23XKLpmf6c,202401,ncgkwcQrfmc,BvPRe8TBeO0,fpkkdSpN6kR,15
c23XKLpmf6c,202401,ncgkwcQrfmc,u0nXonXyMd6,fpkkdSpN6kR,5
c23XKLpmf6c,202401,ncgkwcQrfmc,qUCT1cBV7Xs,fpkkdSpN6kR,21
c23XKLpmf6c,202401,ncgkwcQrfmc,c16MVP7xnkF,fpkkdSpN6kR,25
c23XKLpmf6c,202401,ncgkwcQrfmc,dsLJUAoWBm3,fpkkdSpN6kR,5
c23XKLpmf6c,202401,ncgkwcQrfmc,eRY7Diu57LY,fpkkdSpN6kR,10
c23XKLpmf6c,202401,ncgkwcQrfmc,MiIYozkdxb0,fpkkdSpN6kR,4
c23XKLpmf6c,202401,ncgkwcQrfmc,yFrDrD5n62u,fpkkdSpN6kR,3
c23XKLpmf6c,202401,ncgkwcQrfmc,YqwaaooeihL,fpkkdSpN6kR,19
c23XKLpmf6c,202401,ncgkwcQrfmc,B457LR004ZV,fpkkdSpN6kR,22
c23XKLpmf6c,202401,ncgkwcQrfmc,VgOADm1ihvZ,fpkkdSpN6kR,6
c23XKLpmf6c,202401,ncgkwcQrfmc,qa97FPPvQ6K,fpkkdSpN6kR,145
c23XKLpmf6c,202401,ncgkwcQrfmc,btGPHYoq2Vg,fpkkdSpN6kR,181
c23XKLpmf6c,202401,ncgkwcQrfmc,ZQJT92VtaqJ,fpkkdSpN6kR,2
c23XKLpmf6c,202401,ncgkwcQrfmc,wu8iWfZR8tH,fpkkdSpN6kR,330
c23XKLpmf6c,202401,ncgkwcQrfmc,hoPq2P7a0Rg,fpkkdSpN6kR,738
c23XKLpmf6c,202401,ncgkwcQrfmc,UD5oINDsrxX,fpkkdSpN6kR,3
c23XKLpmf6c,202401,ncgkwcQrfmc,pyCCl8eDg07,fpkkdSpN6kR,3
c23XKLpmf6c,202401,ncgkwcQrfmc,UIYuSED0DVL,fpkkdSpN6kR,12
c23XKLpmf6c,202401,ncgkwcQrfmc,qbImbN0WYsn,fpkkdSpN6kR,0
c23XKLpmf6c,202401,ncgkwcQrfmc,S3aj670FNt6,fpkkdSpN6kR,395
c23XKLpmf6c,202401,ncgkwcQrfmc,OhjkTTI39px,fpkkdSpN6kR,5
c23XKLpmf6c,202401,ncgkwcQrfmc,awFYLvUNfHP,fpkkdSpN6kR,0
c23XKLpmf6c,202401,ncgkwcQrfmc,HU5skmQBlGL,fpkkdSpN6kR,36
c23XKLpmf6c,202401,ncgkwcQrfmc,Lfy7gzTuHUb,fpkkdSpN6kR,215
c23XKLpmf6c,202401,ncgkwcQrfmc,nhUAKiYjwR5,fpkkdSpN6kR,123
c23XKLpmf6c,202401,ncgkwcQrfmc,vI30tHOeYfP,fpkkdSpN6kR,4
c23XKLpmf6c,202401,ncgkwcQrfmc,yG9nMpTUPHA,fpkkdSpN6kR,536
c23XKLpmf6c,202401,ncgkwcQrfmc,phKKwubdnJE,fpkkdSpN6kR,15
OmjjQi7uhYC,202401,ncgkwcQrfmc,gKLqg6TwA3D,fpkkdSpN6kR,8
OmjjQi7uhYC,202401,ncgkwcQrfmc,WPNw0kpjhkn,fpkkdSpN6kR,8
OmjjQi7uhYC,202401,ncgkwcQrfmc,CcntAiMGCTW,fpkkdSpN6kR,2
OmjjQi7uhYC,202401,ncgkwcQrfmc,yvSKoEcGk6T,fpkkdSpN6kR,4
OmjjQi7uhYC,202401,ncgkwcQrfmc,MekJGFtyL9J,fpkkdSpN6kR,6
OmjjQi7uhYC,202401,ncgkwcQrfmc,iJt278Sgpgb,fpkkdSpN6kR,2
OmjjQi7uhYC,202401,ncgkwcQrfmc,bg2qwTLbusX,fpkkdSpN6kR,7
OmjjQi7uhYC,202401,ncgkwcQrfmc,mfLuHDmhrtr,fpkkdSpN6kR,2
OmjjQi7uhYC,202401,ncgkwcQrfmc,lnSNvuTP3lG,fpkkdSpN6kR,4
OmjjQi7uhYC,202401,ncgkwcQrfmc,CCQn8051t8h,fpkkdSpN6kR,2
By54OKI49qE,202401,ncgkwcQrfmc,qBA6fcVSroM,fpkkdSpN6kR,156
By54OKI49qE,202401,ncgkwcQrfmc,W2w4caDWLEo,fpkkdSpN6kR,117
Int3pJocjhU,202401,ncgkwcQrfmc,g10r90Dfqno,fpkkdSpN6kR,0
Int3pJocjhU,202401,ncgkwcQrfmc,Qmd2frB3e8F,fpkkdSpN6kR,0
Int3pJocjhU,202401,ncgkwcQrfmc,TT9hQ7SaHea,fpkkdSpN6kR,12
Int3pJocjhU,202401,ncgkwcQrfmc,nMsMRcdsXmy,fpkkdSpN6kR,13
Int3pJocjhU,202401,ncgkwcQrfmc,BqGKadWCFhx,fpkkdSpN6kR,62
Int3pJocjhU,202401,ncgkwcQrfmc,wcvVlUrzbYG,fpkkdSpN6kR,75
Int3pJocjhU,202401,ncgkwcQrfmc,subJjGY0UcE,fpkkdSpN6kR,153
Int3pJocjhU,202401,ncgkwcQrfmc,N78akNFqLex,fpkkdSpN6kR,107
Int3pJocjhU,202401,ncgkwcQrfmc,tpKwyj8il3w,fpkkdSpN6kR,362
Int3pJocjhU,202401,ncgkwcQrfmc,onwJ6bulsyi,fpkkdSpN6kR,107
Int3pJocjhU,202401,ncgkwcQrfmc,Mwqc3GO1kId,fpkkdSpN6kR,770
Int3pJocjhU,202401,ncgkwcQrfmc,pUXn4laGtJe,fpkkdSpN6kR,178
Int3pJocjhU,202401,ncgkwcQrfmc,SmLUO99wdfb,fpkkdSpN6kR,999
Int3pJocjhU,202401,ncgkwcQrfmc,udSjk1sKgO5,fpkkdSpN6kR,395
Int3pJocjhU,202401,ncgkwcQrfmc,IzV4BuohS90,fpkkdSpN6kR,1185
Int3pJocjhU,202401,ncgkwcQrfmc,US2dWooI6pT,fpkkdSpN6kR,616
Int3pJocjhU,202401,ncgkwcQrfmc,EMovAqLcbGq,fpkkdSpN6kR,1265
Int3pJocjhU,202401,ncgkwcQrfmc,pdPUNjzab6h,fpkkdSpN6kR,827
Int3pJocjhU,202401,ncgkwcQrfmc,GnlieRaxUWw,fpkkdSpN6kR,1011
Int3pJocjhU,202401,ncgkwcQrfmc,FZZZIfer5tA,fpkkdSpN6kR,801
Int3pJocjhU,202401,ncgkwcQrfmc,dwskguR0DV8,fpkkdSpN6kR,39
Int3pJocjhU,202401,ncgkwcQrfmc,RQXs6B8Td4v,fpkkdSpN6kR,45
Int3pJocjhU,202401,ncgkwcQrfmc,GliuFJTAsAp,fpkkdSpN6kR,184
Int3pJocjhU,202401,ncgkwcQrfmc,qbzDBEJWFMB,fpkkdSpN6kR,342
Int3pJocjhU,202401,ncgkwcQrfmc,RT7QsVY15yL,fpkkdSpN6kR,566
Int3pJocjhU,202401,ncgkwcQrfmc,W909S6WDrZ8,fpkkdSpN6kR,411
Int3pJocjhU,202401,ncgkwcQrfmc,ETwXuMGk1iE,fpkkdSpN6kR,214
Int3pJocjhU,202401,ncgkwcQrfmc,nJlZC7BrpYs,fpkkdSpN6kR,124
Int3pJocjhU,202401,ncgkwcQrfmc,Il7UBf5AxcH,fpkkdSpN6kR,759
Int3pJocjhU,202401,ncgkwcQrfmc,TSt8KAsSu0I,fpkkdSpN6kR,148
QqX7yYWx47k,202401,ncgkwcQrfmc,M7z6gPtIyL4,fpkkdSpN6kR,4
QqX7yYWx47k,202401,ncgkwcQrfmc,d2hOfqeWAhK,fpkkdSpN6kR,6
QqX7yYWx47k,202401,ncgkwcQrfmc,dyc1BIC7u6k,fpkkdSpN6kR,5
QqX7yYWx47k,202401,ncgkwcQrfmc,JbMrvRRY15t,fpkkdSpN6kR,9
QqX7yYWx47k,202401,ncgkwcQrfmc,eJcvGBqvIMX,fpkkdSpN6kR,5
QqX7yYWx47k,202401,ncgkwcQrfmc,GUre5Oy54QX,fpkkdSpN6kR,15
QqX7yYWx47k,202401,ncgkwcQrfmc,SFHtKP43Rap,fpkkdSpN6kR,6
QqX7yYWx47k,202401,ncgkwcQrfmc,ALc6wotdx2X,fpkkdSpN6kR,11
QqX7yYWx47k,202401,ncgkwcQrfmc,bW4Qs6HW26z,fpkkdSpN6kR,1
QqX7yYWx47k,202401,ncgkwcQrfmc,IIVhaj6lty4,fpkkdSpN6kR,2
QqX7yYWx47k,202401,ncgkwcQrfmc,lgc3TeCO8I4,fpkkdSpN6kR,9
QqX7yYWx47k,202401,ncgkwcQrfmc,VS8T1yrcSSM,fpkkdSpN6kR,3
QqX7yYWx47k,202401,ncgkwcQrfmc,G7H4bHIQtAB,fpkkdSpN6kR,3
rpkAbS58Tk9,202401,ncgkwcQrfmc,Qel2zcABk3d,fpkkdSpN6kR,2
rpkAbS58Tk9,202401,ncgkwcQrfmc,YjEf1Yeg7xW,fpkkdSpN6kR,6
rpkAbS58Tk9,202401,ncgkwcQrfmc,GTqLLdScX0w,fpkkdSpN6kR,2
rpkAbS58Tk9,202401,ncgkwcQrfmc,GrTCdXLvAfP,fpkkdSpN6kR,5
rpkAbS58Tk9,202401,ncgkwcQrfmc,TF8IwBSmgEe,fpkkdSpN6kR,2
rpkAbS58Tk9,202401,ncgkwcQrfmc,Zt9xdLVAUHu,fpkkdSpN6kR,6
rpkAbS58Tk9,202401,ncgkwcQrfmc,axlXCDV3SR1,fpkkdSpN6kR,3
rpkAbS58Tk9,202401,ncgkwcQrfmc,BfgOFno08ym,fpkkdSpN6kR,10
rpkAbS58Tk9,202401,ncgkwcQrfmc,Qvo0mBngmvs,fpkkdSpN6kR,3
rpkAbS58Tk9,202401,ncgkwcQrfmc,XPHpLpvvbcG,fpkkdSpN6kR,1
woaYr2nulNU,202401,ncgkwcQrfmc,subJjGY0UcE,fpkkdSpN6kR,1
woaYr2nulNU,202401,ncgkwcQrfmc,N78akNFqLex,fpkkdSpN6kR,1
woaYr2nulNU,202401,ncgkwcQrfmc,onwJ6bulsyi,fpkkdSpN6kR,1
woaYr2nulNU,202401,ncgkwcQrfmc,Mwqc3GO1kId,fpkkdSpN6kR,4
woaYr2nulNU,202401,ncgkwcQrfmc,pUXn4laGtJe,fpkkdSpN6kR,3
woaYr2nulNU,202401,ncgkwcQrfmc,SmLUO99wdfb,fpkkdSpN6kR,3
woaYr2nulNU,202401,ncgkwcQrfmc,udSjk1sKgO5,fpkkdSpN6kR,4
woaYr2nulNU,202401,ncgkwcQrfmc,IzV4BuohS90,fpkkdSpN6kR,1
woaYr2nulNU,202401,ncgkwcQrfmc,US2dWooI6pT,fpkkdSpN6kR,4
woaYr2nulNU,202401,ncgkwcQrfmc,EMovAqLcbGq,fpkkdSpN6kR,1
woaYr2nulNU,202401,ncgkwcQrfmc,GnlieRaxUWw,fpkkdSpN6kR,2
woaYr2nulNU,202401,ncgkwcQrfmc,FZZZIfer5tA,fpkkdSpN6kR,3
woaYr2nulNU,202401,ncgkwcQrfmc,RT7QsVY15yL,fpkkdSpN6kR,1
woaYr2nulNU,202401,ncgkwcQrfmc,ETwXuMGk1iE,fpkkdSpN6kR,1
XJp23J1PMzl,202401,ncgkwcQrfmc,XvUu05sFvmb,fpkkdSpN6kR,22
XJp23J1PMzl,202401,ncgkwcQrfmc,NvnVh6rpcI5,fpkkdSpN6kR,15
XJp23J1PMzl,202401,ncgkwcQrfmc,fIs20Ikp97F,fpkkdSpN6kR,100
XJp23J1PMzl,202401,ncgkwcQrfmc,EWdgYWJhZWH,fpkkdSpN6kR,69
XJp23J1PMzl,202401,ncgkwcQrfmc,gKLqg6TwA3D,fpkkdSpN6kR,240
XJp23J1PMzl,202401,ncgkwcQrfmc,kaaNhSVIuvJ,fpkkdSpN6kR,81
XJp23J1PMzl,202401,ncgkwcQrfmc,WPNw0kpjhkn,fpkkdSpN6kR,602
XJp23J1PMzl,202401,ncgkwcQrfmc,CcntAiMGCTW,fpkkdSpN6kR,136
XJp23J1PMzl,202401,ncgkwcQrfmc,yvSKoEcGk6T,fpkkdSpN6kR,795
XJp23J1PMzl,202401,ncgkwcQrfmc,MekJGFtyL9J,fpkkdSpN6kR,311
XJp23J1PMzl,202401,ncgkwcQrfmc,iJt278Sgpgb,fpkkdSpN6kR,939
XJp23J1PMzl,202401,ncgkwcQrfmc,bg2qwTLbusX,fpkkdSpN6kR,484
XJp23J1PMzl,202401,ncgkwcQrfmc,mfLuHDmhrtr,fpkkdSpN6kR,1034
XJp23J1PMzl,202401,ncgkwcQrfmc,lnSNvuTP3lG,fpkkdSpN6kR,694
XJp23J1PMzl,202401,ncgkwcQrfmc,G5sYGWBFrrD,fpkkdSpN6kR,761
XJp23J1PMzl,202401,ncgkwcQrfmc,CCQn8051t8h,fpkkdSpN6kR,590
XJp23J1PMzl,202401,ncgkwcQrfmc,islw5hzCeWm,fpkkdSpN6kR,149
XJp23J1PMzl,202401,ncgkwcQrfmc,EJE5cMdSrPj,fpkkdSpN6kR,115
XJp23J1PMzl,202401,ncgkwcQrfmc,yTa1j4Ji0YI,fpkkdSpN6kR,272
XJp23J1PMzl,202401,ncgkwcQrfmc,PF0cEputKnO,fpkkdSpN6kR,254
XJp23J1PMzl,202401,ncgkwcQrfmc,rqeq2RUgs7w,fpkkdSpN6kR,136
XJp23J1PMzl,202401,ncgkwcQrfmc,Z2PVBHpKQhV,fpkkdSpN6kR,548
XJp23J1PMzl,202401,ncgkwcQrfmc,VTMiZro2DG8,fpkkdSpN6kR,412
XJp23J1PMzl,202401,ncgkwcQrfmc,RdixCALkmzj,fpkkdSpN6kR,119
NM7wZh6dNcG,202401,ncgkwcQrfmc,HllvX50cXC0,fpkkdSpN6kR,60
ZYQqNtSjgaO,202401,ncgkwcQrfmc,ZSZtA9bJNU9,fpkkdSpN6kR,5
ZYQqNtSjgaO,202401,ncgkwcQrfmc,oMQoLiU9wKl,fpkkdSpN6kR,1
ZYQqNtSjgaO,202401,ncgkwcQrfmc,zubjl4by9Yo,fpkkdSpN6kR,1
ZYQqNtSjgaO,202401,ncgkwcQrfmc,dq9qkybPCgJ,fpkkdSpN6kR,3
ZYQqNtSjgaO,202401,ncgkwcQrfmc,U8YFdcyDzZE,fpkkdSpN6kR,1
ZYQqNtSjgaO,202401,ncgkwcQrfmc,pS1GNqrmAeJ,fpkkdSpN6kR,3
ZYQqNtSjgaO,202401,ncgkwcQrfmc,lU8MlzObdEu,fpkkdSpN6kR,5
ZYQqNtSjgaO,202401,ncgkwcQrfmc,UcLXn3XCSzj,fpkkdSpN6kR,6
ZYQqNtSjgaO,202401,ncgkwcQrfmc,YA2WUaNJWkR,fpkkdSpN6kR,2
ZYQqNtSjgaO,202401,ncgkwcQrfmc,yA0GQQeBChX,fpkkdSpN6kR,11
ZYQqNtSjgaO,202401,ncgkwcQrfmc,jFDtaOOJub9,fpkkdSpN6kR,6
ZYQqNtSjgaO,202401,ncgkwcQrfmc,KevtsCiNL4B,fpkkdSpN6kR,7
ZYQqNtSjgaO,202401,ncgkwcQrfmc,FR0744o265O,fpkkdSpN6kR,3
ZYQqNtSjgaO,202401,ncgkwcQrfmc,b92WuP86yM7,fpkkdSpN6kR,2
ZYQqNtSjgaO,202401,ncgkwcQrfmc,kRlTHXc5Rep,fpkkdSpN6kR,1
ZYQqNtSjgaO,202401,ncgkwcQrfmc,D5EVWzVScYR,fpkkdSpN6kR,5
ZYQqNtSjgaO,202401,ncgkwcQrfmc,hQzZ3K6scPM,fpkkdSpN6kR,1
ZYQqNtSjgaO,202401,ncgkwcQrfmc,YyS7BUHHgXV,fpkkdSpN6kR,4
ZYQqNtSjgaO,202401,ncgkwcQrfmc,GsqBaGLJP49,fpkkdSpN6kR,4
ZYQqNtSjgaO,202401,ncgkwcQrfmc,ncIVWUxMjMf,fpkkdSpN6kR,8
ZYQqNtSjgaO,202401,ncgkwcQrfmc,kGKeKuQ8mj2,fpkkdSpN6kR,2
uaOhcmuIAIC,202401,ncgkwcQrfmc,fIs20Ikp97F,fpkkdSpN6kR,2
uaOhcmuIAIC,202401,ncgkwcQrfmc,gKLqg6TwA3D,fpkkdSpN6kR,20
uaOhcmuIAIC,202401,ncgkwcQrfmc,WPNw0kpjhkn,fpkkdSpN6kR,17
uaOhcmuIAIC,202401,ncgkwcQrfmc,yvSKoEcGk6T,fpkkdSpN6kR,12
uaOhcmuIAIC,202401,ncgkwcQrfmc,iJt278Sgpgb,fpkkdSpN6kR,15
uaOhcmuIAIC,202401,ncgkwcQrfmc,mfLuHDmhrtr,fpkkdSpN6kR,17
uaOhcmuIAIC,202401,ncgkwcQrfmc,G5sYGWBFrrD,fpkkdSpN6kR,5
uaOhcmuIAIC,202401,ncgkwcQrfmc,n9rPd1u08uk,fpkkdSpN6kR,1
bRxZKx4lTU2,202401,ncgkwcQrfmc,qcxyNadzqoA,fpkkdSpN6kR,2
bRxZKx4lTU2,202401,ncgkwcQrfmc,nXLLwbzi699,fpkkdSpN6kR,12
bRxZKx4lTU2,202401,ncgkwcQrfmc,XdxZ2EiCCBl,fpkkdSpN6kR,3
bRxZKx4lTU2,202401,ncgkwcQrfmc,yoVG8y9VPie,fpkkdSpN6kR,11
bRxZKx4lTU2,202401,ncgkwcQrfmc,P6unvayg94m,fpkkdSpN6kR,5
bRxZKx4lTU2,202401,ncgkwcQrfmc,O1RtcGUn63L,fpkkdSpN6kR,18
bRxZKx4lTU2,202401,ncgkwcQrfmc,DyB6aUOkSuO,fpkkdSpN6kR,13
bRxZKx4lTU2,202401,ncgkwcQrfmc,QDO3HByrCkY,fpkkdSpN6kR,12
bRxZKx4lTU2,202401,ncgkwcQrfmc,IEwVfn2NDyB,fpkkdSpN6kR,5
bRxZKx4lTU2,202401,ncgkwcQrfmc,OOkXKUg81nQ,fpkkdSpN6kR,7
bRxZKx4lTU2,202401,ncgkwcQrfmc,nc05EqyyHaF,fpkkdSpN6kR,4
bRxZKx4lTU2,202401,ncgkwcQrfmc,etPex6igshH,fpkkdSpN6kR,5
bRxZKx4lTU2,202401,ncgkwcQrfmc,aEnuwvyxAiT,fpkkdSpN6kR,3
bRxZKx4lTU2,202401,ncgkwcQrfmc,vH0gkmJgAKg,fpkkdSpN6kR,3
bRxZKx4lTU2,202401,ncgkwcQrfmc,jBEx4ja6iA9,fpkkdSpN6kR,3
mhf5NP8ME15,202401,ncgkwcQrfmc,MutpGhbb5F9,fpkkdSpN6kR,19
mhf5NP8ME15,202401,ncgkwcQrfmc,GwHbeToutkZ,fpkkdSpN6kR,17
mhf5NP8ME15,202401,ncgkwcQrfmc,XvUu05sFvmb,fpkkdSpN6kR,22
mhf5NP8ME15,202401,ncgkwcQrfmc,NvnVh6rpcI5,fpkkdSpN6kR,18
mhf5NP8ME15,202401,ncgkwcQrfmc,fIs20Ikp97F,fpkkdSpN6kR,18
mhf5NP8ME15,202401,ncgkwcQrfmc,EWdgYWJhZWH,fpkkdSpN6kR,13
mhf5NP8ME15,202401,ncgkwcQrfmc,nzmXSFdY50K,fpkkdSpN6kR,37
mhf5NP8ME15,202401,ncgkwcQrfmc,kHzSZh6TpVf,fpkkdSpN6kR,24
o3nt01g9zpD,202401,ncgkwcQrfmc,PVJAVXjZyX8,fpkkdSpN6kR,0
o3nt01g9zpD,202401,ncgkwcQrfmc,vht6aVSMhrW,fpkkdSpN6kR,0
o3nt01g9zpD,202401,ncgkwcQrfmc,HrfG0LO8rVk,fpkkdSpN6kR,2921
o3nt01g9zpD,202401,ncgkwcQrfmc,IgWlWy0ZIg6,fpkkdSpN6kR,39030
o3nt01g9zpD,202401,ncgkwcQrfmc,JYZuHVupFEe,fpkkdSpN6kR,11009
o3nt01g9zpD,202401,ncgkwcQrfmc,AtXAtHEldza,fpkkdSpN6kR,4248
o3nt01g9zpD,202401,ncgkwcQrfmc,AN9N1ZGenw0,fpkkdSpN6kR,8797
o3nt01g9zpD,202401,ncgkwcQrfmc,FXbbZBFcEWt,fpkkdSpN6kR,0
o3nt01g9zpD,202401,ncgkwcQrfmc,LYigly6HmNR,fpkkdSpN6kR,0
o3nt01g9zpD,202401,ncgkwcQrfmc,pbKO3pRwHtZ,fpkkdSpN6kR,0
o3nt01g9zpD,202401,ncgkwcQrfmc,Cav32eTjPPw,fpkkdSpN6kR,0
o3nt01g9zpD,202401,ncgkwcQrfmc,UwyeTJ0M0WW,fpkkdSpN6kR,0
n0dlOWFjDkO,202401,ncgkwcQrfmc,gKLqg6TwA3D,fpkkdSpN6kR,11
n0dlOWFjDkO,202401,ncgkwcQrfmc,WPNw0kpjhkn,fpkkdSpN6kR,4
n0dlOWFjDkO,202401,ncgkwcQrfmc,yvSKoEcGk6T,fpkkdSpN6kR,7
n0dlOWFjDkO,202401,ncgkwcQrfmc,iJt278Sgpgb,fpkkdSpN6kR,7
jXsXFJN4qQy,202401,ncgkwcQrfmc,M7z6gPtIyL4,fpkkdSpN6kR,1
jXsXFJN4qQy,202401,ncgkwcQrfmc,dyc1BIC7u6k,fpkkdSpN6kR,1
jXsXFJN4qQy,202401,ncgkwcQrfmc,JbMrvRRY15t,fpkkdSpN6kR,1
jXsXFJN4qQy,202401,ncgkwcQrfmc,eJcvGBqvIMX,fpkkdSpN6kR,2
jXsXFJN4qQy,202401,ncgkwcQrfmc,CwdoE8JTeNs,fpkkdSpN6kR,3
jXsXFJN4qQy,202401,ncgkwcQrfmc,gdR2vM5kcHH,fpkkdSpN6kR,2
jXsXFJN4qQy,202401,ncgkwcQrfmc,VS8T1yrcSSM,fpkkdSpN6kR,1
jXsXFJN4qQy,202401,ncgkwcQrfmc,m4GTNhsj33G,fpkkdSpN6kR,1
vzBDYvkiZk0,202401,ncgkwcQrfmc,fIs20Ikp97F,fpkkdSpN6kR,2
vzBDYvkiZk0,202401,ncgkwcQrfmc,gKLqg6TwA3D,fpkkdSpN6kR,20
vzBDYvkiZk0,202401,ncgkwcQrfmc,WPNw0kpjhkn,fpkkdSpN6kR,17
vzBDYvkiZk0,202401,ncgkwcQrfmc,yvSKoEcGk6T,fpkkdSpN6kR,12
vzBDYvkiZk0,202401,ncgkwcQrfmc,iJt278Sgpgb,fpkkdSpN6kR,15
vzBDYvkiZk0,202401,ncgkwcQrfmc,mfLuHDmhrtr,fpkkdSpN6kR,17
vzBDYvkiZk0,202401,ncgkwcQrfmc,G5sYGWBFrrD,fpkkdSpN6kR,5
vzBDYvkiZk0,202401,ncgkwcQrfmc,n9rPd1u08uk,fpkkdSpN6kR,1
gzkimr5vqPM,202401,ncgkwcQrfmc,gKLqg6TwA3D,fpkkdSpN6kR,1
rrvplwBotDi,202401,ncgkwcQrfmc,g9o0DFKjQ1w,fpkkdSpN6kR,1
rrvplwBotDi,202401,ncgkwcQrfmc,yOr5oZmd3Qp,fpkkdSpN6kR,1
rrvplwBotDi,202401,ncgkwcQrfmc,qcxyNadzqoA,fpkkdSpN6kR,3
rrvplwBotDi,202401,ncgkwcQrfmc,czvrjqem9D9,fpkkdSpN6kR,1
rrvplwBotDi,202401,ncgkwcQrfmc,nXLLwbzi699,fpkkdSpN6kR,5
rrvplwBotDi,202401,ncgkwcQrfmc,ZY7LYKGSpky,fpkkdSpN6kR,2
rrvplwBotDi,202401,ncgkwcQrfmc,XdxZ2EiCCBl,fpkkdSpN6kR,8
rrvplwBotDi,202401,ncgkwcQrfmc,yoVG8y9VPie,fpkkdSpN6kR,12
rrvplwBotDi,202401,ncgkwcQrfmc,H4lrHuDhSrp,fpkkdSpN6kR,2
rrvplwBotDi,202401,ncgkwcQrfmc,P6unvayg94m,fpkkdSpN6kR,21
rrvplwBotDi,202401,ncgkwcQrfmc,O1RtcGUn63L,fpkkdSpN6kR,3
rrvplwBotDi,202401,ncgkwcQrfmc,aGBbgHGLMN3,fpkkdSpN6kR,1
rrvplwBotDi,202401,ncgkwcQrfmc,DyB6aUOkSuO,fpkkdSpN6kR,9
rrvplwBotDi,202401,ncgkwcQrfmc,JKOCPbjIdD7,fpkkdSpN6kR,3
rrvplwBotDi,202401,ncgkwcQrfmc,QDO3HByrCkY,fpkkdSpN6kR,2
rrvplwBotDi,202401,ncgkwcQrfmc,IEwVfn2NDyB,fpkkdSpN6kR,7
rrvplwBotDi,202401,ncgkwcQrfmc,OOkXKUg81nQ,fpkkdSpN6kR,2
rrvplwBotDi,202401,ncgkwcQrfmc,nc05EqyyHaF,fpkkdSpN6kR,1
rrvplwBotDi,202401,ncgkwcQrfmc,k60heRPvHLq,fpkkdSpN6kR,1
rrvplwBotDi,202401,ncgkwcQrfmc,etPex6igshH,fpkkdSpN6kR,3
rrvplwBotDi,202401,ncgkwcQrfmc,aEnuwvyxAiT,fpkkdSpN6kR,3
rrvplwBotDi,202401,ncgkwcQrfmc,vH0gkmJgAKg,fpkkdSpN6kR,3
rrvplwBotDi,202401,ncgkwcQrfmc,jBEx4ja6iA9,fpkkdSpN6kR,4
InXpzllfI8q,202401,ncgkwcQrfmc,gKLqg6TwA3D,fpkkdSpN6kR,2
InXpzllfI8q,202401,ncgkwcQrfmc,WPNw0kpjhkn,fpkkdSpN6kR,2
InXpzllfI8q,202401,ncgkwcQrfmc,CcntAiMGCTW,fpkkdSpN6kR,1
InXpzllfI8q,202401,ncgkwcQrfmc,yvSKoEcGk6T,fpkkdSpN6kR,3
InXpzllfI8q,202401,ncgkwcQrfmc,MekJGFtyL9J,fpkkdSpN6kR,5
InXpzllfI8q,202401,ncgkwcQrfmc,iJt278Sgpgb,fpkkdSpN6kR,3
InXpzllfI8q,202401,ncgkwcQrfmc,bg2qwTLbusX,fpkkdSpN6kR,2
InXpzllfI8q,202401,ncgkwcQrfmc,mfLuHDmhrtr,fpkkdSpN6kR,4
InXpzllfI8q,202401,ncgkwcQrfmc,lnSNvuTP3lG,fpkkdSpN6kR,6
InXpzllfI8q,202401,ncgkwcQrfmc,G5sYGWBFrrD,fpkkdSpN6kR,1
InXpzllfI8q,202401,ncgkwcQrfmc,CCQn8051t8h,fpkkdSpN6kR,3
InXpzllfI8q,202401,ncgkwcQrfmc,dw5rlrUzaEi,fpkkdSpN6kR,3
EmJdU9mPfnI,202401,ncgkwcQrfmc,nXLLwbzi699,fpkkdSpN6kR,1
EmJdU9mPfnI,202401,ncgkwcQrfmc,yoVG8y9VPie,fpkkdSpN6kR,1
EmJdU9mPfnI,202401,ncgkwcQrfmc,QDO3HByrCkY,fpkkdSpN6kR,1
G9Ie7g6ERbS,202401,ncgkwcQrfmc,BqGKadWCFhx,fpkkdSpN6kR,7
G9Ie7g6ERbS,202401,ncgkwcQrfmc,wcvVlUrzbYG,fpkkdSpN6kR,8
G9Ie7g6ERbS,202401,ncgkwcQrfmc,subJjGY0UcE,fpkkdSpN6kR,114
G9Ie7g6ERbS,202401,ncgkwcQrfmc,N78akNFqLex,fpkkdSpN6kR,55
G9Ie7g6ERbS,202401,ncgkwcQrfmc,tpKwyj8il3w,fpkkdSpN6kR,417
G9Ie7g6ERbS,202401,ncgkwcQrfmc,onwJ6bulsyi,fpkkdSpN6kR,113
G9Ie7g6ERbS,202401,ncgkwcQrfmc,Mwqc3GO1kId,fpkkdSpN6kR,844
G9Ie7g6ERbS,202401,ncgkwcQrfmc,pUXn4laGtJe,fpkkdSpN6kR,205
G9Ie7g6ERbS,202401,ncgkwcQrfmc,SmLUO99wdfb,fpkkdSpN6kR,1061
G9Ie7g6ERbS,202401,ncgkwcQrfmc,udSjk1sKgO5,fpkkdSpN6kR,452
G9Ie7g6ERbS,202401,ncgkwcQrfmc,IzV4BuohS90,fpkkdSpN6kR,1215
G9Ie7g6ERbS,202401,ncgkwcQrfmc,US2dWooI6pT,fpkkdSpN6kR,661
G9Ie7g6ERbS,202401,ncgkwcQrfmc,EMovAqLcbGq,fpkkdSpN6kR,1249
G9Ie7g6ERbS,202401,ncgkwcQrfmc,pdPUNjzab6h,fpkkdSpN6kR,844
G9Ie7g6ERbS,202401,ncgkwcQrfmc,GnlieRaxUWw,fpkkdSpN6kR,212
G9Ie7g6ERbS,202401,ncgkwcQrfmc,FZZZIfer5tA,fpkkdSpN6kR,765
G9Ie7g6ERbS,202401,ncgkwcQrfmc,dwskguR0DV8,fpkkdSpN6kR,1
G9Ie7g6ERbS,202401,ncgkwcQrfmc,RQXs6B8Td4v,fpkkdSpN6kR,1
G9Ie7g6ERbS,202401,ncgkwcQrfmc,GliuFJTAsAp,fpkkdSpN6kR,6
G9Ie7g6ERbS,202401,ncgkwcQrfmc,qbzDBEJWFMB,fpkkdSpN6kR,21
G9Ie7g6ERbS,202401,ncgkwcQrfmc,RT7QsVY15yL,fpkkdSpN6kR,88
G9Ie7g6ERbS,202401,ncgkwcQrfmc,W909S6WDrZ8,fpkkdSpN6kR,21
G9Ie7g6ERbS,202401,ncgkwcQrfmc,ETwXuMGk1iE,fpkkdSpN6kR,3
G9Ie7g6ERbS,202401,ncgkwcQrfmc,nJlZC7BrpYs,fpkkdSpN6kR,5
G9Ie7g6ERbS,202401,ncgkwcQrfmc,Il7UBf5AxcH,fpkkdSpN6kR,45
G9Ie7g6ERbS,202401,ncgkwcQrfmc,TSt8KAsSu0I,fpkkdSpN6kR,8
